state_name,year,incidence_per_capita
ALABAMA,1966,0.18559999999999996
ALABAMA,1967,0.17183673469387747
ALABAMA,1968,0.1765384615384615
ALABAMA,1969,0.22489795918367342
ALABAMA,1970,0.2313725490196078
ALABAMA,1971,0.20901960784313722
ALABAMA,1972,0.21266666666666667
ALABAMA,1973,0.28733333333333344
ALABAMA,1974,0.14622222222222223
ALABAMA,1975,0.166304347826087
ALABAMA,1976,0.11720000000000004
ALABAMA,1977,0.1251162790697674
ALABAMA,1978,0.12902439024390244
ALABAMA,1979,0.14127659574468085
ALABAMA,1980,0.13756756756756752
ALABAMA,1981,0.08974999999999997
ALABAMA,1982,0.07744186046511628
ALABAMA,1983,0.10604651162790694
ALABAMA,1984,0.08485714285714283
ALABAMA,1985,0.04590909090909092
ALABAMA,1986,0.0453846153846154
ALABAMA,1987,0.05305555555555558
ALABAMA,1988,0.015000000000000003
ALABAMA,1989,0.04031250000000001
ALABAMA,1990,0.05000000000000003
ALABAMA,1991,0.02289473684210527
ALABAMA,1992,0.02382352941176471
ALABAMA,1993,0.034814814814814826
ALABAMA,1994,0.057931034482758645
ALABAMA,1995,0.04657894736842107
ALABAMA,1996,0.10340909090909092
ALABAMA,1997,0.03461538461538462
ALABAMA,1998,0.04323529411764707
ALABAMA,1999,0.03342857142857144
ALABAMA,2000,0.027380952380952388
ALABAMA,2001,0.034390243902439034
ALABAMA,2002,0.015957446808510644
ALABAMA,2003,0.005957446808510638
ALABAMA,2004,0.0029268292682926834
ALABAMA,2005,0.015106382978723404
ALABAMA,2006,0.008333333333333335
ALABAMA,2007,0.008541666666666668
ALABAMA,2008,0.004081632653061225
ALABAMA,2009,0.004081632653061224
ALABAMA,2010,0.003137254901960784
ALABAMA,2011,0.005185185185185186
ALASKA,1966,0.9779411764705882
ALASKA,1967,0.6381818181818182
ALASKA,1968,0.9493548387096775
ALASKA,1969,0.66625
ALASKA,1970,1.1181250000000003
ALASKA,1971,1.0575
ALASKA,1972,1.6275675675675672
ALASKA,1973,2.0606249999999995
ALASKA,1974,2.198666666666667
ALASKA,1975,2.757567567567567
ALASKA,1976,20.85846153846154
ALASKA,1977,3.491282051282051
ALASKA,1978,0.7969230769230767
ALASKA,1979,0.5439285714285714
ALASKA,1980,0.30857142857142855
ALASKA,1981,0.4527272727272727
ALASKA,1982,0.22800000000000006
ALASKA,1983,0.3781818181818182
ALASKA,1984,0.2409090909090909
ALASKA,1985,0.2733333333333334
ALASKA,1986,0.5852380952380953
ALASKA,1987,0.9419148936170216
ALASKA,1988,2.2254545454545456
ALASKA,1989,2.7212121212121216
ALASKA,1990,0.7730769230769227
ALASKA,1991,0.3794594594594594
ALASKA,1992,0.34531249999999997
ALASKA,1993,2.599583333333334
ALASKA,1994,0.9320689655172412
ALASKA,1995,0.16256410256410256
ALASKA,1996,0.18365853658536588
ALASKA,1997,0.13541666666666666
ALASKA,1998,0.032
ALASKA,1999,0.031111111111111114
ALASKA,2000,0.03282051282051282
ALASKA,2001,0.039749999999999994
ALASKA,2002,0.041428571428571426
ALASKA,2003,0.0275
ALASKA,2004,0.013953488372093023
ALASKA,2005,0.010227272727272725
ALASKA,2007,0.010714285714285713
ALASKA,2008,0.01097560975609756
ALASKA,2009,0.01847826086956522
ALASKA,2010,0.023333333333333334
ALASKA,2011,0.00368421052631579
ARIZONA,1966,0.5144
ARIZONA,1967,0.4933333333333332
ARIZONA,1968,0.5073999999999999
ARIZONA,1969,0.6212244897959183
ARIZONA,1970,0.6488
ARIZONA,1971,0.8772549019607844
ARIZONA,1972,0.6752173913043479
ARIZONA,1973,0.32363636363636367
ARIZONA,1974,0.4585714285714286
ARIZONA,1975,0.3734
ARIZONA,1976,0.45274509803921575
ARIZONA,1977,0.7250980392156862
ARIZONA,1978,0.8991666666666664
ARIZONA,1979,1.3154
ARIZONA,1980,0.6854545454545455
ARIZONA,1981,0.3488372093023256
ARIZONA,1982,0.4224390243902439
ARIZONA,1983,0.6259090909090911
ARIZONA,1984,0.4926086956521739
ARIZONA,1985,0.729761904761905
ARIZONA,1986,0.797027027027027
ARIZONA,1987,1.158723404255319
ARIZONA,1988,1.1669565217391307
ARIZONA,1989,1.6603030303030306
ARIZONA,1990,1.0626190476190476
ARIZONA,1991,0.5954054054054055
ARIZONA,1992,0.5554285714285715
ARIZONA,1993,0.6265384615384616
ARIZONA,1994,0.7593103448275863
ARIZONA,1995,0.5584999999999999
ARIZONA,1996,0.7083720930232559
ARIZONA,1997,0.8422222222222222
ARIZONA,1998,0.7157142857142856
ARIZONA,1999,0.3333333333333332
ARIZONA,2000,0.1890243902439025
ARIZONA,2001,0.16075
ARIZONA,2002,0.12565217391304345
ARIZONA,2003,0.09636363636363635
ARIZONA,2004,0.08181818181818183
ARIZONA,2005,0.08531914893617022
ARIZONA,2006,0.0265909090909091
ARIZONA,2007,0.05078431372549019
ARIZONA,2008,0.03595744680851065
ARIZONA,2009,0.025208333333333343
ARIZONA,2010,0.020625000000000008
ARIZONA,2011,0.006875
ARKANSAS,1966,0.3023076923076924
ARKANSAS,1967,0.33106382978723403
ARKANSAS,1968,0.2310526315789474
ARKANSAS,1969,0.2902941176470589
ARKANSAS,1970,0.25476190476190474
ARKANSAS,1971,0.25586956521739135
ARKANSAS,1972,0.2930434782608695
ARKANSAS,1973,0.15409090909090903
ARKANSAS,1974,0.41959183673469413
ARKANSAS,1975,0.3844897959183675
ARKANSAS,1976,0.4064000000000001
ARKANSAS,1977,0.3848936170212764
ARKANSAS,1978,0.19521739130434776
ARKANSAS,1979,0.22639999999999996
ARKANSAS,1980,0.29055555555555557
ARKANSAS,1981,0.1954166666666666
ARKANSAS,1982,0.1063333333333333
ARKANSAS,1983,0.07562500000000001
ARKANSAS,1984,0.13999999999999999
ARKANSAS,1985,0.1036842105263158
ARKANSAS,1986,0.1282758620689655
ARKANSAS,1987,0.26258064516129026
ARKANSAS,1988,0.2613636363636363
ARKANSAS,1989,0.22281249999999994
ARKANSAS,1990,0.4346341463414635
ARKANSAS,1991,0.17894736842105266
ARKANSAS,1992,0.098
ARKANSAS,1993,0.04296296296296297
ARKANSAS,1994,0.12592592592592594
ARKANSAS,1995,0.4797142857142857
ARKANSAS,1996,0.40302325581395343
ARKANSAS,1997,0.13038461538461538
ARKANSAS,1998,0.07117647058823529
ARKANSAS,1999,0.06694444444444446
ARKANSAS,2000,0.08585365853658534
ARKANSAS,2001,0.05243902439024392
ARKANSAS,2002,0.039574468085106396
ARKANSAS,2003,0.0175
ARKANSAS,2004,0.04152173913043478
ARKANSAS,2005,0.014545454545454545
ARKANSAS,2006,0.021219512195121953
ARKANSAS,2007,0.009772727272727271
ARKANSAS,2008,0.003333333333333333
ARKANSAS,2009,0.0036363636363636364
ARKANSAS,2010,0.0
ARKANSAS,2011,0.0
CALIFORNIA,1966,0.6048076923076924
CALIFORNIA,1967,0.749615384615385
CALIFORNIA,1968,1.0728846153846154
CALIFORNIA,1969,0.9179999999999997
CALIFORNIA,1970,0.9270000000000002
CALIFORNIA,1971,0.9160784313725493
CALIFORNIA,1972,0.7329787234042554
CALIFORNIA,1973,0.6630612244897958
CALIFORNIA,1974,0.5368750000000001
CALIFORNIA,1975,0.459607843137255
CALIFORNIA,1976,0.49058823529411744
CALIFORNIA,1977,0.4715909090909092
CALIFORNIA,1978,0.4106666666666667
CALIFORNIA,1979,0.39386363636363647
CALIFORNIA,1980,0.45878787878787886
CALIFORNIA,1981,0.47181818181818186
CALIFORNIA,1982,0.3334090909090909
CALIFORNIA,1983,0.36142857142857143
CALIFORNIA,1984,0.5302325581395348
CALIFORNIA,1985,0.5082051282051283
CALIFORNIA,1986,0.5351282051282051
CALIFORNIA,1987,0.4648888888888889
CALIFORNIA,1988,0.40521739130434786
CALIFORNIA,1989,0.46382352941176486
CALIFORNIA,1990,0.3866666666666667
CALIFORNIA,1991,0.34555555555555556
CALIFORNIA,1992,0.32277777777777783
CALIFORNIA,1993,0.32884615384615395
CALIFORNIA,1994,0.3948148148148149
CALIFORNIA,1995,0.39463414634146343
CALIFORNIA,1996,0.38444444444444453
CALIFORNIA,1997,0.4875
CALIFORNIA,1998,0.24200000000000008
CALIFORNIA,1999,0.18421052631578952
CALIFORNIA,2000,0.17128205128205126
CALIFORNIA,2001,0.11649999999999998
CALIFORNIA,2002,0.08061224489795918
CALIFORNIA,2003,0.06478260869565218
CALIFORNIA,2004,0.04541666666666668
CALIFORNIA,2005,0.05122448979591839
CALIFORNIA,2006,0.036346153846153854
CALIFORNIA,2007,0.016470588235294126
CALIFORNIA,2008,0.01788461538461539
CALIFORNIA,2009,0.012692307692307699
CALIFORNIA,2010,0.01122448979591837
CALIFORNIA,2011,0.00979591836734694
COLORADO,1966,0.30416666666666675
COLORADO,1967,0.3337209302325581
COLORADO,1968,0.7846511627906977
COLORADO,1969,0.630232558139535
COLORADO,1970,0.9682926829268291
COLORADO,1971,0.6646808510638298
COLORADO,1972,0.580909090909091
COLORADO,1973,0.40604166666666663
COLORADO,1974,0.26157894736842097
COLORADO,1975,0.19782608695652182
COLORADO,1976,0.3100000000000001
COLORADO,1977,0.3609803921568627
COLORADO,1978,0.32142857142857145
COLORADO,1979,0.3272549019607843
COLORADO,1980,0.5223684210526316
COLORADO,1981,0.3639583333333334
COLORADO,1982,0.21591836734693873
COLORADO,1983,0.24860000000000007
COLORADO,1984,0.35333333333333333
COLORADO,1985,0.2148837209302326
COLORADO,1986,0.12666666666666665
COLORADO,1987,0.2588
COLORADO,1988,0.1534782608695652
COLORADO,1989,0.32794117647058824
COLORADO,1990,0.21410256410256415
COLORADO,1991,0.3943243243243244
COLORADO,1992,0.4666666666666667
COLORADO,1993,0.46384615384615385
COLORADO,1994,0.37275862068965526
COLORADO,1995,0.25121951219512195
COLORADO,1996,0.22023809523809532
COLORADO,1997,0.21407407407407406
COLORADO,1998,0.1808571428571429
COLORADO,1999,0.09157894736842104
COLORADO,2000,0.09634146341463416
COLORADO,2001,0.042195121951219536
COLORADO,2002,0.035319148936170226
COLORADO,2003,0.02822222222222223
COLORADO,2004,0.027906976744186057
COLORADO,2005,0.020612244897959188
COLORADO,2006,0.00979591836734694
COLORADO,2007,0.01041666666666667
COLORADO,2008,0.010454545454545454
COLORADO,2009,0.019600000000000003
COLORADO,2010,0.013600000000000001
COLORADO,2011,0.007058823529411766
CONNECTICUT,1966,0.22134615384615378
CONNECTICUT,1967,0.3813461538461539
CONNECTICUT,1968,0.32500000000000007
CONNECTICUT,1969,0.4107999999999999
CONNECTICUT,1970,0.55
CONNECTICUT,1971,0.559607843137255
CONNECTICUT,1972,0.4770212765957446
CONNECTICUT,1973,0.42176470588235304
CONNECTICUT,1974,0.3471428571428572
CONNECTICUT,1975,0.2641176470588236
CONNECTICUT,1976,0.2762
CONNECTICUT,1977,0.1804081632653061
CONNECTICUT,1978,0.11755555555555554
CONNECTICUT,1979,0.11977777777777779
CONNECTICUT,1980,0.11290322580645158
CONNECTICUT,1981,0.09761904761904763
CONNECTICUT,1982,0.0702777777777778
CONNECTICUT,1983,0.06749999999999999
CONNECTICUT,1984,0.0625
CONNECTICUT,1985,0.12448275862068967
CONNECTICUT,1986,0.10742857142857144
CONNECTICUT,1987,0.1333333333333333
CONNECTICUT,1988,0.20380952380952383
CONNECTICUT,1989,0.19468749999999999
CONNECTICUT,1990,0.08049999999999999
CONNECTICUT,1991,0.06529411764705884
CONNECTICUT,1992,0.045937500000000006
CONNECTICUT,1993,0.06555555555555556
CONNECTICUT,1994,0.07200000000000001
CONNECTICUT,1995,0.053076923076923084
CONNECTICUT,1996,0.08386363636363638
CONNECTICUT,1997,0.08192307692307693
CONNECTICUT,1998,0.05558823529411766
CONNECTICUT,1999,0.04594594594594594
CONNECTICUT,2000,0.10205128205128204
CONNECTICUT,2001,0.15125000000000005
CONNECTICUT,2002,0.054680851063829805
CONNECTICUT,2003,0.05642857142857143
CONNECTICUT,2004,0.04444444444444445
CONNECTICUT,2005,0.028823529411764713
CONNECTICUT,2006,0.02470588235294119
CONNECTICUT,2007,0.016304347826086956
CONNECTICUT,2008,0.013921568627450984
CONNECTICUT,2009,0.011250000000000001
CONNECTICUT,2010,0.014400000000000003
CONNECTICUT,2011,0.009574468085106383
DELAWARE,1966,0.42444444444444446
DELAWARE,1967,0.7475
DELAWARE,1968,0.6358139534883722
DELAWARE,1969,0.41700000000000004
DELAWARE,1970,0.5560465116279072
DELAWARE,1971,0.5219565217391307
DELAWARE,1972,0.5815384615384616
DELAWARE,1973,0.42743589743589727
DELAWARE,1974,0.2472727272727272
DELAWARE,1975,0.36956521739130427
DELAWARE,1976,0.30692307692307685
DELAWARE,1977,0.29039999999999994
DELAWARE,1978,0.3219047619047618
DELAWARE,1979,0.304
DELAWARE,1980,0.33705882352941174
DELAWARE,1981,0.27588235294117647
DELAWARE,1982,0.24838709677419352
DELAWARE,1983,0.18357142857142864
DELAWARE,1984,0.3082608695652175
DELAWARE,1985,0.2643478260869566
DELAWARE,1986,0.29454545454545455
DELAWARE,1987,0.34235294117647064
DELAWARE,1988,0.18714285714285708
DELAWARE,1989,0.2647058823529412
DELAWARE,1990,0.3176190476190477
DELAWARE,1991,0.047837837837837835
DELAWARE,1992,0.16129032258064516
DELAWARE,1993,0.031111111111111114
DELAWARE,1994,0.06222222222222223
DELAWARE,1995,0.028461538461538465
DELAWARE,1996,0.05232558139534884
DELAWARE,1997,0.0692
DELAWARE,1998,0.0208
DELAWARE,1999,0.004333333333333333
DELAWARE,2001,0.0
DELAWARE,2002,0.032926829268292684
DELAWARE,2003,0.020476190476190474
DELAWARE,2004,0.02
DELAWARE,2005,0.015483870967741935
DELAWARE,2006,0.02708333333333333
DELAWARE,2007,0.021176470588235293
DELAWARE,2008,0.016923076923076923
DELAWARE,2009,0.00891891891891892
DELAWARE,2010,0.016382978723404256
DELAWARE,2011,0.0022448979591836735
DISTRICT OF COLUMBIA,1966,0.19359999999999997
DISTRICT OF COLUMBIA,1967,0.1844827586206896
DISTRICT OF COLUMBIA,1968,0.2408333333333333
DISTRICT OF COLUMBIA,1969,0.26964285714285713
DISTRICT OF COLUMBIA,1970,0.312972972972973
DISTRICT OF COLUMBIA,1971,0.2577419354838709
DISTRICT OF COLUMBIA,1972,0.34157894736842104
DISTRICT OF COLUMBIA,1973,0.2931250000000001
DISTRICT OF COLUMBIA,1974,0.28095238095238095
DISTRICT OF COLUMBIA,1975,0.36971428571428566
DISTRICT OF COLUMBIA,1976,0.49800000000000005
DISTRICT OF COLUMBIA,1977,0.2833333333333333
DISTRICT OF COLUMBIA,1978,0.255
DISTRICT OF COLUMBIA,1979,0.24714285714285716
DISTRICT OF COLUMBIA,1980,0.33176470588235296
DISTRICT OF COLUMBIA,1981,0.22500000000000006
DISTRICT OF COLUMBIA,1982,0.21647058823529416
DISTRICT OF COLUMBIA,1983,0.19099999999999998
DISTRICT OF COLUMBIA,1984,0.21875
DISTRICT OF COLUMBIA,1985,0.19749999999999995
DISTRICT OF COLUMBIA,1986,0.20181818181818179
DISTRICT OF COLUMBIA,1987,0.23384615384615395
DISTRICT OF COLUMBIA,1988,0.06857142857142857
DISTRICT OF COLUMBIA,1989,0.06125
DISTRICT OF COLUMBIA,1990,0.04
DISTRICT OF COLUMBIA,1991,0.2881081081081081
DISTRICT OF COLUMBIA,1992,0.05771428571428572
DISTRICT OF COLUMBIA,1993,0.05230769230769231
DISTRICT OF COLUMBIA,1994,0.13482758620689655
DISTRICT OF COLUMBIA,1995,0.06289473684210527
DISTRICT OF COLUMBIA,1996,0.1268292682926829
DISTRICT OF COLUMBIA,1997,0.10884615384615383
DISTRICT OF COLUMBIA,1998,0.23970588235294119
DISTRICT OF COLUMBIA,1999,0.226578947368421
DISTRICT OF COLUMBIA,2000,0.1796774193548387
DISTRICT OF COLUMBIA,2001,0.21380952380952378
DISTRICT OF COLUMBIA,2002,0.26270833333333327
DISTRICT OF COLUMBIA,2003,0.1776315789473684
DISTRICT OF COLUMBIA,2004,0.01931818181818182
DISTRICT OF COLUMBIA,2005,0.02125
DISTRICT OF COLUMBIA,2006,0.0272
DISTRICT OF COLUMBIA,2007,0.04958333333333333
DISTRICT OF COLUMBIA,2010,0.0
FLORIDA,1966,0.20823529411764707
FLORIDA,1967,0.19884615384615384
FLORIDA,1968,0.34039215686274515
FLORIDA,1969,0.41795918367346935
FLORIDA,1970,0.5041999999999999
FLORIDA,1971,0.5658
FLORIDA,1972,0.6023913043478262
FLORIDA,1973,0.8110204081632654
FLORIDA,1974,0.823469387755102
FLORIDA,1975,0.5265999999999997
FLORIDA,1976,0.38639999999999985
FLORIDA,1977,0.3037254901960784
FLORIDA,1978,0.3408163265306122
FLORIDA,1979,0.26120000000000004
FLORIDA,1980,0.3548648648648649
FLORIDA,1981,0.2447916666666666
FLORIDA,1982,0.18346938775510208
FLORIDA,1983,0.1632
FLORIDA,1984,0.12437500000000003
FLORIDA,1985,0.1546511627906977
FLORIDA,1986,0.18948717948717947
FLORIDA,1987,0.08939999999999998
FLORIDA,1988,0.1
FLORIDA,1989,0.17030303030303032
FLORIDA,1990,0.08666666666666667
FLORIDA,1991,0.11783783783783787
FLORIDA,1992,0.0785714285714286
FLORIDA,1993,0.09192307692307693
FLORIDA,1994,0.12928571428571428
FLORIDA,1995,0.08975
FLORIDA,1996,0.08386363636363635
FLORIDA,1997,0.10615384615384614
FLORIDA,1998,0.06794117647058824
FLORIDA,1999,0.09578947368421054
FLORIDA,2000,0.10076923076923075
FLORIDA,2001,0.11948717948717949
FLORIDA,2002,0.1308695652173913
FLORIDA,2003,0.048260869565217385
FLORIDA,2004,0.033265306122449
FLORIDA,2005,0.030784313725490214
FLORIDA,2006,0.023269230769230785
FLORIDA,2007,0.017884615384615395
FLORIDA,2008,0.017254901960784323
FLORIDA,2009,0.019423076923076932
FLORIDA,2010,0.017254901960784323
FLORIDA,2011,0.011960784313725497
GEORGIA,1966,0.2472340425531915
GEORGIA,1967,0.40980392156862744
GEORGIA,1968,0.4419999999999999
GEORGIA,1969,0.3429166666666666
GEORGIA,1970,0.3170588235294118
GEORGIA,1971,0.32120000000000004
GEORGIA,1972,0.3087234042553191
GEORGIA,1973,0.3552
GEORGIA,1974,0.4124999999999999
GEORGIA,1975,0.42541666666666655
GEORGIA,1976,0.5133333333333334
GEORGIA,1977,0.4306382978723403
GEORGIA,1978,0.22744186046511622
GEORGIA,1979,0.2557142857142857
GEORGIA,1980,0.2828947368421052
GEORGIA,1981,0.18354166666666674
GEORGIA,1982,0.1284782608695652
GEORGIA,1983,0.08565217391304342
GEORGIA,1984,0.06454545454545453
GEORGIA,1985,0.07325000000000001
GEORGIA,1986,0.06000000000000002
GEORGIA,1987,0.05772727272727272
GEORGIA,1988,0.2
GEORGIA,1989,0.13303030303030308
GEORGIA,1990,0.11195121951219512
GEORGIA,1991,0.07277777777777777
GEORGIA,1992,0.05823529411764707
GEORGIA,1993,0.01814814814814815
GEORGIA,1994,0.022413793103448276
GEORGIA,1995,0.02205882352941177
GEORGIA,1996,0.0596969696969697
GEORGIA,1997,0.21040000000000006
GEORGIA,1998,0.198
GEORGIA,1999,0.11621621621621621
GEORGIA,2000,0.0702777777777778
GEORGIA,2001,0.23888888888888893
GEORGIA,2002,0.10306122448979592
GEORGIA,2003,0.19468085106382985
GEORGIA,2004,0.07446808510638296
GEORGIA,2005,0.024130434782608706
GEORGIA,2006,0.01142857142857143
GEORGIA,2007,0.009795918367346942
GEORGIA,2008,0.007600000000000001
GEORGIA,2009,0.008269230769230772
GEORGIA,2010,0.006400000000000002
GEORGIA,2011,0.007692307692307696
HAWAII,1966,0.2907407407407408
HAWAII,1967,0.28318181818181815
HAWAII,1968,0.5036363636363637
HAWAII,1969,0.38325
HAWAII,1970,0.6711363636363638
HAWAII,1971,0.8813043478260866
HAWAII,1972,0.8054347826086959
HAWAII,1973,0.4923913043478263
HAWAII,1974,0.3490476190476189
HAWAII,1975,0.6794871794871793
HAWAII,1976,0.3360975609756097
HAWAII,1977,0.3766666666666667
HAWAII,1978,0.3706976744186047
HAWAII,1979,0.31681818181818183
HAWAII,1980,0.28119999999999995
HAWAII,1981,0.34812499999999985
HAWAII,1982,0.2356249999999999
HAWAII,1983,0.21227272727272722
HAWAII,1984,0.1727777777777778
HAWAII,1985,0.18954545454545457
HAWAII,1986,0.12545454545454546
HAWAII,1987,0.21437499999999993
HAWAII,1988,0.01125
HAWAII,1989,0.20903225806451609
HAWAII,1990,0.1119512195121951
HAWAII,1991,0.13526315789473684
HAWAII,1992,0.32638888888888884
HAWAII,1993,0.0932
HAWAII,1994,0.12250000000000001
HAWAII,1995,0.24487804878048777
HAWAII,1996,0.16595238095238096
HAWAII,1997,0.19200000000000003
HAWAII,1998,0.07424242424242425
HAWAII,1999,0.04555555555555555
HAWAII,2000,0.019411764705882354
HAWAII,2001,0.008
HAWAII,2002,0.0027586206896551726
HAWAII,2003,0.021052631578947368
HAWAII,2004,0.049090909090909095
HAWAII,2005,0.039999999999999994
HAWAII,2006,0.01702127659574468
HAWAII,2007,0.008
HAWAII,2008,0.029024390243902444
HAWAII,2009,0.008333333333333333
HAWAII,2010,0.01
HAWAII,2011,0.011627906976744186
IDAHO,1966,0.6095348837209301
IDAHO,1967,0.511052631578947
IDAHO,1968,0.4629999999999999
IDAHO,1969,0.3086111111111111
IDAHO,1970,0.5304651162790697
IDAHO,1971,0.9254000000000001
IDAHO,1972,0.9678260869565216
IDAHO,1973,0.5686956521739129
IDAHO,1974,0.3354545454545454
IDAHO,1975,0.5402702702702706
IDAHO,1976,0.3836842105263159
IDAHO,1977,0.3794999999999999
IDAHO,1978,0.5154347826086957
IDAHO,1979,0.34
IDAHO,1980,0.3315384615384615
IDAHO,1981,0.5725000000000002
IDAHO,1982,0.19206896551724134
IDAHO,1983,0.2819444444444443
IDAHO,1984,0.2745161290322581
IDAHO,1985,0.5405263157894736
IDAHO,1986,0.3916129032258064
IDAHO,1987,0.6930612244897959
IDAHO,1988,0.2521739130434782
IDAHO,1989,0.32235294117647056
IDAHO,1990,0.18170731707317073
IDAHO,1991,0.19567567567567562
IDAHO,1992,0.18323529411764708
IDAHO,1993,0.4742307692307693
IDAHO,1994,0.7946428571428571
IDAHO,1995,0.6114634146341464
IDAHO,1996,0.39906976744186057
IDAHO,1997,0.2344444444444445
IDAHO,1998,0.3200000000000001
IDAHO,1999,0.08594594594594597
IDAHO,2000,0.09333333333333332
IDAHO,2001,0.08114285714285716
IDAHO,2002,0.02774193548387097
IDAHO,2003,0.028000000000000004
IDAHO,2004,0.028297872340425544
IDAHO,2005,0.030000000000000002
IDAHO,2006,0.011666666666666667
IDAHO,2007,0.014210526315789474
IDAHO,2008,0.02367346938775511
IDAHO,2009,0.008571428571428572
IDAHO,2010,0.0096
IDAHO,2011,0.008
ILLINOIS,1966,0.19865384615384615
ILLINOIS,1967,0.28923076923076924
ILLINOIS,1968,0.3368627450980392
ILLINOIS,1969,0.3042
ILLINOIS,1970,0.2941176470588236
ILLINOIS,1971,0.3684313725490196
ILLINOIS,1972,0.40063829787234057
ILLINOIS,1973,0.37440000000000007
ILLINOIS,1974,0.3029787234042553
ILLINOIS,1975,0.20803921568627456
ILLINOIS,1976,0.18653846153846157
ILLINOIS,1977,0.19196078431372549
ILLINOIS,1978,0.2012244897959183
ILLINOIS,1979,0.17215686274509806
ILLINOIS,1980,0.1816216216216216
ILLINOIS,1981,0.13104166666666664
ILLINOIS,1982,0.058571428571428594
ILLINOIS,1983,0.03044444444444446
ILLINOIS,1984,0.039302325581395375
ILLINOIS,1985,0.02393939393939395
ILLINOIS,1986,0.0467857142857143
ILLINOIS,1987,0.055277777777777794
ILLINOIS,1988,0.14636363636363636
ILLINOIS,1989,0.1774193548387097
ILLINOIS,1990,0.2435
ILLINOIS,1991,0.25088235294117645
ILLINOIS,1992,0.1067741935483871
ILLINOIS,1993,0.158
ILLINOIS,1994,0.09083333333333334
ILLINOIS,1995,0.11162162162162165
ILLINOIS,1996,0.10268292682926831
ILLINOIS,1997,0.1526315789473684
ILLINOIS,1998,0.14451612903225808
ILLINOIS,1999,0.12027777777777776
ILLINOIS,2000,0.11274999999999999
ILLINOIS,2001,0.07902439024390245
ILLINOIS,2002,0.04354166666666668
ILLINOIS,2003,0.03454545454545456
ILLINOIS,2004,0.028367346938775528
ILLINOIS,2005,0.015102040816326535
ILLINOIS,2006,0.011395348837209301
ILLINOIS,2007,0.01680851063829788
ILLINOIS,2008,0.01711111111111111
ILLINOIS,2009,0.013469387755102044
ILLINOIS,2010,0.009069767441860466
ILLINOIS,2011,0.010222222222222225
INDIANA,1966,0.17846153846153845
INDIANA,1967,0.23745098039215679
INDIANA,1968,0.196078431372549
INDIANA,1969,0.22895833333333335
INDIANA,1970,0.2271428571428572
INDIANA,1971,0.22080000000000005
INDIANA,1972,0.19212765957446812
INDIANA,1973,0.20918367346938782
INDIANA,1974,0.24216216216216227
INDIANA,1975,0.1862222222222223
INDIANA,1976,0.12374999999999999
INDIANA,1977,0.09382978723404252
INDIANA,1978,0.07733333333333331
INDIANA,1979,0.10574468085106382
INDIANA,1980,0.14111111111111113
INDIANA,1981,0.2293333333333333
INDIANA,1982,0.24361702127659568
INDIANA,1983,0.11999999999999995
INDIANA,1984,0.04675000000000003
INDIANA,1985,0.05656250000000002
INDIANA,1986,0.04656250000000002
INDIANA,1987,0.09297297297297297
INDIANA,1988,0.03181818181818183
INDIANA,1989,0.07933333333333333
INDIANA,1990,0.11358974358974358
INDIANA,1991,0.13555555555555554
INDIANA,1992,0.28852941176470587
INDIANA,1993,0.1557692307692308
INDIANA,1994,0.16275862068965516
INDIANA,1995,0.06609756097560976
INDIANA,1996,0.11886363636363638
INDIANA,1997,0.09461538461538463
INDIANA,1998,0.13529411764705884
INDIANA,1999,0.04857142857142859
INDIANA,2000,0.03868421052631579
INDIANA,2001,0.03894736842105264
INDIANA,2002,0.016888888888888898
INDIANA,2003,0.027142857142857153
INDIANA,2004,0.034
INDIANA,2005,0.020851063829787242
INDIANA,2006,0.014186046511627914
INDIANA,2007,0.012000000000000002
INDIANA,2008,0.007826086956521738
INDIANA,2009,0.0072727272727272745
INDIANA,2010,0.006046511627906977
INDIANA,2011,0.004130434782608695
IOWA,1966,0.366153846153846
IOWA,1967,0.23559999999999998
IOWA,1968,0.33692307692307705
IOWA,1969,0.25500000000000006
IOWA,1970,0.23920000000000002
IOWA,1971,0.20392156862745098
IOWA,1972,0.1952173913043478
IOWA,1973,0.18318181818181814
IOWA,1974,0.17558139534883724
IOWA,1975,0.15232558139534882
IOWA,1976,0.10657142857142855
IOWA,1977,0.11114285714285711
IOWA,1978,0.11365853658536586
IOWA,1979,0.13127659574468087
IOWA,1980,0.12352941176470586
IOWA,1981,0.15733333333333333
IOWA,1982,0.06999999999999999
IOWA,1983,0.04700000000000001
IOWA,1984,0.06812499999999999
IOWA,1985,0.06260869565217393
IOWA,1986,0.07263157894736845
IOWA,1987,0.10729729729729727
IOWA,1988,0.02727272727272727
IOWA,1989,0.12941176470588237
IOWA,1990,0.18780487804878054
IOWA,1991,0.032702702702702716
IOWA,1992,0.03794117647058824
IOWA,1993,0.05730769230769232
IOWA,1994,0.06275862068965518
IOWA,1995,0.06725
IOWA,1996,0.24022727272727276
IOWA,1997,0.33259259259259255
IOWA,1998,0.24764705882352947
IOWA,1999,0.12142857142857143
IOWA,2000,0.055384615384615386
IOWA,2001,0.023157894736842113
IOWA,2002,0.05346938775510202
IOWA,2003,0.025652173913043485
IOWA,2004,0.03729166666666669
IOWA,2005,0.018478260869565225
IOWA,2006,0.008536585365853661
IOWA,2007,0.02895833333333334
IOWA,2008,0.06836734693877547
IOWA,2009,0.03000000000000001
IOWA,2010,0.005957446808510639
IOWA,2011,0.004901960784313725
KANSAS,1966,0.19733333333333322
KANSAS,1967,0.20999999999999996
KANSAS,1968,0.35711538461538456
KANSAS,1969,0.25666666666666677
KANSAS,1970,0.49539999999999984
KANSAS,1971,0.5124000000000001
KANSAS,1972,0.40934782608695636
KANSAS,1973,0.4680000000000002
KANSAS,1974,0.38479166666666664
KANSAS,1975,0.30276595744680856
KANSAS,1976,0.3282352941176471
KANSAS,1977,0.2989583333333332
KANSAS,1978,0.22565217391304349
KANSAS,1979,0.18930232558139531
KANSAS,1980,0.19645161290322577
KANSAS,1981,0.15121951219512197
KANSAS,1982,0.26264705882352946
KANSAS,1983,0.12958333333333336
KANSAS,1984,0.11045454545454549
KANSAS,1985,0.10833333333333335
KANSAS,1986,0.11320000000000004
KANSAS,1987,0.3586666666666666
KANSAS,1988,0.3022727272727273
KANSAS,1989,0.22666666666666668
KANSAS,1990,0.17999999999999997
KANSAS,1991,0.0864864864864865
KANSAS,1992,0.12147058823529414
KANSAS,1993,0.05407407407407408
KANSAS,1994,0.07444444444444445
KANSAS,1995,0.10700000000000001
KANSAS,1996,0.28418604651162793
KANSAS,1997,0.15590909090909089
KANSAS,1998,0.10333333333333335
KANSAS,1999,0.03444444444444446
KANSAS,2000,0.08939393939393939
KANSAS,2001,0.13800000000000007
KANSAS,2002,0.05790697674418605
KANSAS,2003,0.025853658536585368
KANSAS,2004,0.03847826086956522
KANSAS,2005,0.016976744186046513
KANSAS,2006,0.018260869565217396
KANSAS,2007,0.011176470588235295
KANSAS,2008,0.011458333333333333
KANSAS,2009,0.006363636363636364
KANSAS,2010,0.01068181818181818
KANSAS,2011,0.0014285714285714286
KENTUCKY,1966,0.5786538461538464
KENTUCKY,1967,0.6934615384615385
KENTUCKY,1968,0.6942307692307692
KENTUCKY,1969,0.7637999999999997
KENTUCKY,1970,0.7384313725490197
KENTUCKY,1971,0.6792000000000001
KENTUCKY,1972,0.6251111111111111
KENTUCKY,1973,0.5968627450980393
KENTUCKY,1974,0.5159574468085106
KENTUCKY,1975,0.5504255319148937
KENTUCKY,1976,0.38255813953488377
KENTUCKY,1977,0.38343749999999993
KENTUCKY,1978,0.21032258064516132
KENTUCKY,1979,0.1991891891891892
KENTUCKY,1980,0.2708823529411765
KENTUCKY,1981,0.21073170731707322
KENTUCKY,1982,0.18680851063829787
KENTUCKY,1983,0.5134693877551022
KENTUCKY,1984,0.18565217391304345
KENTUCKY,1985,0.11447368421052631
KENTUCKY,1986,0.06068965517241381
KENTUCKY,1987,0.122972972972973
KENTUCKY,1988,0.2165217391304348
KENTUCKY,1989,0.06764705882352942
KENTUCKY,1990,0.04619047619047621
KENTUCKY,1991,0.037631578947368426
KENTUCKY,1992,0.05575757575757577
KENTUCKY,1993,0.07107142857142858
KENTUCKY,1994,0.11103448275862066
KENTUCKY,1995,0.026000000000000006
KENTUCKY,1996,0.02431818181818182
KENTUCKY,1997,0.05291666666666669
KENTUCKY,1998,0.016800000000000002
KENTUCKY,1999,0.027352941176470594
KENTUCKY,2000,0.026250000000000006
KENTUCKY,2001,0.06425
KENTUCKY,2002,0.019333333333333334
KENTUCKY,2003,0.013953488372093025
KENTUCKY,2004,0.014651162790697676
KENTUCKY,2005,0.014444444444444447
KENTUCKY,2006,0.011162790697674422
KENTUCKY,2007,0.007450980392156865
KENTUCKY,2008,0.009803921568627453
KENTUCKY,2009,0.005
KENTUCKY,2010,0.009583333333333334
KENTUCKY,2011,0.004081632653061224
LOUISIANA,1966,0.2290384615384615
LOUISIANA,1967,0.32879999999999987
LOUISIANA,1968,0.36862745098039224
LOUISIANA,1969,0.4155102040816326
LOUISIANA,1970,0.3042000000000002
LOUISIANA,1971,0.3548979591836734
LOUISIANA,1972,0.3384782608695652
LOUISIANA,1973,0.4208510638297871
LOUISIANA,1974,0.237608695652174
LOUISIANA,1975,0.22437500000000002
LOUISIANA,1976,0.19099999999999998
LOUISIANA,1977,0.2755555555555555
LOUISIANA,1978,0.31214285714285717
LOUISIANA,1979,0.3126666666666667
LOUISIANA,1980,0.32571428571428573
LOUISIANA,1981,0.3423404255319149
LOUISIANA,1982,0.33408163265306123
LOUISIANA,1983,0.28081632653061234
LOUISIANA,1984,0.166
LOUISIANA,1985,0.08
LOUISIANA,1986,0.06666666666666668
LOUISIANA,1987,0.07
LOUISIANA,1988,0.08714285714285715
LOUISIANA,1989,0.12645161290322576
LOUISIANA,1990,0.10292682926829265
LOUISIANA,1991,0.06763157894736843
LOUISIANA,1992,0.07548387096774195
LOUISIANA,1993,0.036296296296296306
LOUISIANA,1994,0.07692307692307694
LOUISIANA,1995,0.06432432432432435
LOUISIANA,1996,0.10439024390243903
LOUISIANA,1997,0.11608695652173913
LOUISIANA,1998,0.0809090909090909
LOUISIANA,1999,0.1225
LOUISIANA,2000,0.04114285714285715
LOUISIANA,2001,0.028974358974358978
LOUISIANA,2002,0.03585365853658537
LOUISIANA,2003,0.025333333333333336
LOUISIANA,2004,0.028780487804878054
LOUISIANA,2005,0.030638297872340434
LOUISIANA,2006,0.01377777777777778
LOUISIANA,2007,0.012500000000000002
LOUISIANA,2008,0.0053846153846153835
LOUISIANA,2009,0.0009302325581395349
LOUISIANA,2010,0.005365853658536586
LOUISIANA,2011,0.0019047619047619048
MAINE,1966,0.548
MAINE,1967,0.3239999999999999
MAINE,1968,0.2297297297297297
MAINE,1969,0.5493023255813952
MAINE,1970,1.2401960784313726
MAINE,1971,0.9742857142857143
MAINE,1972,0.5723076923076926
MAINE,1973,0.18970588235294117
MAINE,1974,0.31486486486486476
MAINE,1975,0.16315789473684209
MAINE,1976,0.2544736842105262
MAINE,1977,0.16071428571428575
MAINE,1978,0.2713793103448276
MAINE,1979,0.31057142857142844
MAINE,1980,0.14000000000000004
MAINE,1981,0.11730769230769232
MAINE,1982,0.15608695652173904
MAINE,1983,0.13882352941176468
MAINE,1984,0.12230769230769235
MAINE,1985,0.10785714285714289
MAINE,1986,0.11600000000000002
MAINE,1987,0.129375
MAINE,1988,0.03318181818181817
MAINE,1989,0.04
MAINE,1990,0.01411764705882353
MAINE,1991,0.03657142857142858
MAINE,1992,0.07030303030303031
MAINE,1993,0.0237037037037037
MAINE,1994,0.05454545454545456
MAINE,1995,0.03692307692307692
MAINE,1996,0.04
MAINE,1997,0.08923076923076924
MAINE,1998,0.025882352941176464
MAINE,1999,0.018947368421052633
MAINE,2000,0.0348780487804878
MAINE,2001,0.017297297297297298
MAINE,2002,0.011250000000000001
MAINE,2003,0.042499999999999996
MAINE,2004,0.012272727272727274
MAINE,2005,0.015384615384615385
MAINE,2006,0.009090909090909092
MAINE,2007,0.011851851851851851
MAINE,2008,0.015918367346938776
MAINE,2009,0.0
MAINE,2010,0.011956521739130433
MAINE,2011,0.012790697674418606
MARYLAND,1966,0.4221153846153846
MARYLAND,1967,0.43788461538461526
MARYLAND,1968,0.373653846153846
MARYLAND,1969,0.3718367346938775
MARYLAND,1970,0.4419607843137255
MARYLAND,1971,0.5199999999999998
MARYLAND,1972,0.49045454545454525
MARYLAND,1973,0.3324489795918368
MARYLAND,1974,0.1691666666666667
MARYLAND,1975,0.1864705882352941
MARYLAND,1976,0.19961538461538453
MARYLAND,1977,0.1783673469387755
MARYLAND,1978,0.19688888888888886
MARYLAND,1979,0.1829787234042553
MARYLAND,1980,0.13777777777777775
MARYLAND,1981,0.09431818181818179
MARYLAND,1982,0.0858695652173913
MARYLAND,1983,0.06568181818181816
MARYLAND,1984,0.035294117647058844
MARYLAND,1985,0.044838709677419375
MARYLAND,1986,0.08419354838709678
MARYLAND,1987,0.10360000000000001
MARYLAND,1988,0.10681818181818183
MARYLAND,1989,0.45
MARYLAND,1990,0.3761904761904762
MARYLAND,1991,0.10710526315789475
MARYLAND,1992,0.09794117647058828
MARYLAND,1993,0.05916666666666667
MARYLAND,1994,0.09586206896551729
MARYLAND,1995,0.08000000000000003
MARYLAND,1996,0.09977777777777783
MARYLAND,1997,0.0830769230769231
MARYLAND,1998,0.14257142857142854
MARYLAND,1999,0.11973684210526318
MARYLAND,2000,0.08634146341463415
MARYLAND,2001,0.11874999999999998
MARYLAND,2002,0.11791666666666667
MARYLAND,2003,0.06404255319148935
MARYLAND,2004,0.03955555555555557
MARYLAND,2005,0.033260869565217406
MARYLAND,2006,0.018627450980392164
MARYLAND,2007,0.02319148936170214
MARYLAND,2008,0.021836734693877556
MARYLAND,2009,0.015384615384615389
MARYLAND,2010,0.009574468085106385
MARYLAND,2011,0.010200000000000002
MASSACHUSETTS,1966,0.19269230769230766
MASSACHUSETTS,1967,0.2631372549019609
MASSACHUSETTS,1968,0.3501923076923077
MASSACHUSETTS,1969,0.7681999999999999
MASSACHUSETTS,1970,0.768
MASSACHUSETTS,1971,0.5411764705882351
MASSACHUSETTS,1972,0.5902127659574469
MASSACHUSETTS,1973,0.4594117647058822
MASSACHUSETTS,1974,0.12346938775510208
MASSACHUSETTS,1975,0.08058823529411764
MASSACHUSETTS,1976,0.06666666666666664
MASSACHUSETTS,1977,0.060416666666666646
MASSACHUSETTS,1978,0.06039999999999997
MASSACHUSETTS,1979,0.0618367346938775
MASSACHUSETTS,1980,0.05135135135135138
MASSACHUSETTS,1981,0.06744186046511626
MASSACHUSETTS,1982,0.056734693877550986
MASSACHUSETTS,1983,0.06204545454545458
MASSACHUSETTS,1984,0.06799999999999998
MASSACHUSETTS,1985,0.07116279069767442
MASSACHUSETTS,1986,0.08024999999999997
MASSACHUSETTS,1987,0.1056862745098039
MASSACHUSETTS,1988,0.11909090909090908
MASSACHUSETTS,1989,0.08352941176470591
MASSACHUSETTS,1990,0.12333333333333331
MASSACHUSETTS,1991,0.1077777777777778
MASSACHUSETTS,1992,0.09333333333333332
MASSACHUSETTS,1993,0.11399999999999996
MASSACHUSETTS,1994,0.050370370370370385
MASSACHUSETTS,1995,0.05230769230769233
MASSACHUSETTS,1996,0.06595238095238096
MASSACHUSETTS,1997,0.0730769230769231
MASSACHUSETTS,1998,0.041764705882352954
MASSACHUSETTS,1999,0.04200000000000001
MASSACHUSETTS,2000,0.033750000000000016
MASSACHUSETTS,2001,0.09853658536585368
MASSACHUSETTS,2002,0.04595744680851064
MASSACHUSETTS,2003,0.06319148936170213
MASSACHUSETTS,2004,0.28702127659574467
MASSACHUSETTS,2005,0.17170212765957446
MASSACHUSETTS,2006,0.011041666666666667
MASSACHUSETTS,2007,0.021333333333333336
MASSACHUSETTS,2008,0.007894736842105265
MASSACHUSETTS,2009,0.018604651162790697
MASSACHUSETTS,2010,0.0075
MASSACHUSETTS,2011,0.010697674418604652
MICHIGAN,1966,0.5811538461538462
MICHIGAN,1967,0.42153846153846153
MICHIGAN,1968,0.48326923076923084
MICHIGAN,1969,0.6635999999999999
MICHIGAN,1970,0.8321568627450981
MICHIGAN,1971,0.8500000000000003
MICHIGAN,1972,0.7778723404255318
MICHIGAN,1973,0.7168627450980392
MICHIGAN,1974,0.5944897959183676
MICHIGAN,1975,0.4331372549019607
MICHIGAN,1976,0.34750000000000003
MICHIGAN,1977,0.3266666666666667
MICHIGAN,1978,0.251
MICHIGAN,1979,0.23215686274509803
MICHIGAN,1980,0.17500000000000002
MICHIGAN,1981,0.17
MICHIGAN,1982,0.15520000000000003
MICHIGAN,1983,0.133469387755102
MICHIGAN,1984,0.0897959183673469
MICHIGAN,1985,0.07886363636363634
MICHIGAN,1986,0.04975000000000003
MICHIGAN,1987,0.12215686274509802
MICHIGAN,1988,0.07956521739130439
MICHIGAN,1989,0.06588235294117648
MICHIGAN,1990,0.07857142857142861
MICHIGAN,1991,0.06297297297297298
MICHIGAN,1992,0.030555555555555565
MICHIGAN,1993,0.03615384615384616
MICHIGAN,1994,0.07620689655172416
MICHIGAN,1995,0.06609756097560976
MICHIGAN,1996,0.09666666666666668
MICHIGAN,1997,0.20888888888888882
MICHIGAN,1998,0.4297142857142857
MICHIGAN,1999,0.19945945945945953
MICHIGAN,2000,0.09214285714285715
MICHIGAN,2001,0.06261904761904762
MICHIGAN,2002,0.044693877551020396
MICHIGAN,2003,0.039787234042553216
MICHIGAN,2004,0.032666666666666684
MICHIGAN,2005,0.03306122448979593
MICHIGAN,2006,0.013000000000000003
MICHIGAN,2007,0.012500000000000002
MICHIGAN,2008,0.016400000000000005
MICHIGAN,2009,0.012156862745098045
MICHIGAN,2010,0.012156862745098041
MICHIGAN,2011,0.01166666666666667
MINNESOTA,1966,0.1637254901960785
MINNESOTA,1967,0.2592307692307693
MINNESOTA,1968,0.3709615384615387
MINNESOTA,1969,0.20285714285714296
MINNESOTA,1970,0.17019607843137255
MINNESOTA,1971,0.1545098039215686
MINNESOTA,1972,0.10739130434782605
MINNESOTA,1973,0.1158333333333333
MINNESOTA,1974,0.2514583333333334
MINNESOTA,1975,0.2519512195121952
MINNESOTA,1976,0.1769387755102041
MINNESOTA,1977,0.2333333333333333
MINNESOTA,1978,0.45816326530612256
MINNESOTA,1979,0.22980392156862747
MINNESOTA,1980,0.14857142857142858
MINNESOTA,1981,0.06589743589743591
MINNESOTA,1982,0.11425531914893614
MINNESOTA,1983,0.08444444444444446
MINNESOTA,1984,0.06578947368421055
MINNESOTA,1985,0.1425806451612903
MINNESOTA,1986,0.06058823529411765
MINNESOTA,1987,0.08575000000000002
MINNESOTA,1988,0.056363636363636366
MINNESOTA,1989,0.07906250000000001
MINNESOTA,1990,0.12560975609756095
MINNESOTA,1991,0.1763888888888889
MINNESOTA,1992,0.3305882352941176
MINNESOTA,1993,0.20679999999999998
MINNESOTA,1994,0.10200000000000001
MINNESOTA,1995,0.08399999999999999
MINNESOTA,1996,0.07078947368421053
MINNESOTA,1997,0.10260869565217391
MINNESOTA,1998,0.06225806451612905
MINNESOTA,1999,0.04555555555555556
MINNESOTA,2000,0.08078947368421054
MINNESOTA,2001,0.016216216216216217
MINNESOTA,2002,0.02
MINNESOTA,2003,0.02
MINNESOTA,2004,0.015609756097560979
MINNESOTA,2005,0.014878048780487804
MINNESOTA,2006,0.010697674418604652
MINNESOTA,2007,0.032926829268292684
MINNESOTA,2008,0.014285714285714287
MINNESOTA,2009,0.008571428571428572
MINNESOTA,2010,0.0074358974358974365
MINNESOTA,2011,0.00435897435897436
MISSISSIPPI,1966,0.28442307692307695
MISSISSIPPI,1967,0.4166666666666665
MISSISSIPPI,1968,0.39942307692307694
MISSISSIPPI,1969,0.3443181818181819
MISSISSIPPI,1970,0.20679999999999998
MISSISSIPPI,1971,0.17819999999999997
MISSISSIPPI,1972,0.18936170212765951
MISSISSIPPI,1973,0.19645833333333337
MISSISSIPPI,1974,0.19367346938775507
MISSISSIPPI,1975,0.2581632653061223
MISSISSIPPI,1976,0.34079999999999994
MISSISSIPPI,1977,0.36399999999999993
MISSISSIPPI,1978,0.3425
MISSISSIPPI,1979,0.29265306122448975
MISSISSIPPI,1980,0.32028571428571423
MISSISSIPPI,1981,0.19066666666666662
MISSISSIPPI,1982,0.11279069767441866
MISSISSIPPI,1983,0.11777777777777783
MISSISSIPPI,1984,0.07060606060606063
MISSISSIPPI,1985,0.07333333333333333
MISSISSIPPI,1986,0.06700000000000003
MISSISSIPPI,1987,0.05666666666666668
MISSISSIPPI,1988,0.023636363636363636
MISSISSIPPI,1989,0.03387096774193549
MISSISSIPPI,1990,0.045
MISSISSIPPI,1991,0.00967741935483871
MISSISSIPPI,1992,0.02375
MISSISSIPPI,1993,0.041851851851851855
MISSISSIPPI,1994,0.05000000000000001
MISSISSIPPI,1995,0.12926829268292683
MISSISSIPPI,1996,0.15883720930232562
MISSISSIPPI,1997,0.044800000000000006
MISSISSIPPI,1998,0.0
MISSISSIPPI,1999,0.09243243243243245
MISSISSIPPI,2000,0.07071428571428573
MISSISSIPPI,2001,0.02212121212121212
MISSISSIPPI,2002,0.03958333333333334
MISSISSIPPI,2003,0.0105
MISSISSIPPI,2004,0.01444444444444445
MISSISSIPPI,2005,0.013333333333333336
MISSISSIPPI,2006,0.006097560975609756
MISSISSIPPI,2007,0.005416666666666667
MISSISSIPPI,2008,0.004482758620689655
MISSISSIPPI,2009,0.006999999999999999
MISSISSIPPI,2010,0.0015789473684210526
MISSISSIPPI,2011,0.004615384615384615
MISSOURI,1966,0.3946153846153847
MISSOURI,1967,0.5539215686274512
MISSOURI,1968,0.35903846153846153
MISSOURI,1969,0.2526
MISSOURI,1970,0.3007843137254903
MISSOURI,1971,0.2676470588235295
MISSOURI,1972,0.3461702127659575
MISSOURI,1973,0.32431372549019605
MISSOURI,1974,0.11750000000000001
MISSOURI,1975,0.19765957446808502
MISSOURI,1976,0.24019230769230765
MISSOURI,1977,0.216078431372549
MISSOURI,1978,0.228
MISSOURI,1979,0.156
MISSOURI,1980,0.09777777777777782
MISSOURI,1981,0.12086956521739124
MISSOURI,1982,0.08204081632653065
MISSOURI,1983,0.05565217391304351
MISSOURI,1984,0.06769230769230772
MISSOURI,1985,0.050909090909090925
MISSOURI,1986,0.06000000000000003
MISSOURI,1987,0.18875
MISSOURI,1988,0.2860869565217391
MISSOURI,1989,0.32093749999999993
MISSOURI,1990,0.1899999999999999
MISSOURI,1991,0.22657142857142856
MISSOURI,1992,0.6277777777777778
MISSOURI,1993,0.4185185185185186
MISSOURI,1994,0.2642857142857143
MISSOURI,1995,0.46871794871794875
MISSOURI,1996,0.546190476190476
MISSOURI,1997,0.39041666666666663
MISSOURI,1998,0.18212121212121213
MISSOURI,1999,0.30722222222222223
MISSOURI,2000,0.10925000000000003
MISSOURI,2001,0.03925000000000002
MISSOURI,2002,0.031521739130434795
MISSOURI,2003,0.02500000000000001
MISSOURI,2004,0.019545454545454557
MISSOURI,2005,0.01750000000000001
MISSOURI,2006,0.014600000000000007
MISSOURI,2007,0.011632653061224494
MISSOURI,2008,0.014615384615384624
MISSOURI,2009,0.01166666666666667
MISSOURI,2010,0.007450980392156863
MISSOURI,2011,0.004999999999999999
MONTANA,1966,0.3883333333333334
MONTANA,1967,0.5746666666666665
MONTANA,1968,0.8064705882352942
MONTANA,1969,0.4209756097560973
MONTANA,1970,0.5545238095238096
MONTANA,1971,0.6008163265306122
MONTANA,1972,0.7154347826086959
MONTANA,1973,0.7012244897959182
MONTANA,1974,1.114545454545455
MONTANA,1975,0.6657142857142858
MONTANA,1976,0.2859999999999999
MONTANA,1977,0.5277083333333333
MONTANA,1978,0.6959090909090908
MONTANA,1979,0.5179069767441863
MONTANA,1980,0.41153846153846174
MONTANA,1981,0.31121212121212116
MONTANA,1982,0.19000000000000006
MONTANA,1983,0.17500000000000007
MONTANA,1984,0.6244444444444442
MONTANA,1985,0.4584615384615385
MONTANA,1986,0.2775
MONTANA,1987,0.26274999999999993
MONTANA,1988,0.14409090909090908
MONTANA,1989,0.15727272727272723
MONTANA,1990,0.3285714285714285
MONTANA,1991,0.18710526315789477
MONTANA,1992,0.24514285714285713
MONTANA,1993,0.09392857142857143
MONTANA,1994,0.10280000000000003
MONTANA,1995,0.32500000000000007
MONTANA,1996,0.21813953488372098
MONTANA,1997,0.1596153846153846
MONTANA,1998,0.17828571428571435
MONTANA,1999,0.03361111111111112
MONTANA,2000,0.016923076923076923
MONTANA,2001,0.02682926829268293
MONTANA,2002,0.027500000000000007
MONTANA,2003,0.017368421052631578
MONTANA,2004,0.019743589743589744
MONTANA,2005,0.019215686274509803
MONTANA,2006,0.024545454545454547
MONTANA,2007,0.023428571428571427
MONTANA,2008,0.0
MONTANA,2009,0.011111111111111112
MONTANA,2010,0.007894736842105265
MONTANA,2011,0.00425531914893617
NEBRASKA,1966,0.14166666666666664
NEBRASKA,1967,0.13114285714285714
NEBRASKA,1968,0.14578947368421058
NEBRASKA,1969,0.25117647058823533
NEBRASKA,1970,0.19954545454545458
NEBRASKA,1971,0.22186046511627922
NEBRASKA,1972,0.14633333333333334
NEBRASKA,1973,0.08793103448275863
NEBRASKA,1974,0.14466666666666667
NEBRASKA,1975,0.20444444444444443
NEBRASKA,1976,0.1432142857142857
NEBRASKA,1977,0.27868421052631576
NEBRASKA,1978,0.2229729729729729
NEBRASKA,1979,0.17636363636363628
NEBRASKA,1980,0.1527272727272727
NEBRASKA,1981,0.10166666666666667
NEBRASKA,1982,0.09285714285714286
NEBRASKA,1983,0.20523809523809522
NEBRASKA,1984,0.12045454545454545
NEBRASKA,1985,0.16909090909090907
NEBRASKA,1986,0.11812500000000001
NEBRASKA,1987,0.28159999999999996
NEBRASKA,1988,0.08954545454545455
NEBRASKA,1989,0.15031249999999996
NEBRASKA,1990,0.1033333333333333
NEBRASKA,1991,0.25447368421052635
NEBRASKA,1992,0.3542857142857143
NEBRASKA,1993,0.1540740740740741
NEBRASKA,1994,0.20310344827586205
NEBRASKA,1995,0.12735294117647059
NEBRASKA,1996,0.2868292682926829
NEBRASKA,1997,0.17304347826086958
NEBRASKA,1998,0.07
NEBRASKA,1999,0.08147058823529413
NEBRASKA,2000,0.060512820512820524
NEBRASKA,2001,0.046428571428571444
NEBRASKA,2002,0.021875
NEBRASKA,2003,0.018780487804878048
NEBRASKA,2004,0.01288888888888889
NEBRASKA,2005,0.010833333333333334
NEBRASKA,2006,0.02476190476190477
NEBRASKA,2007,0.020434782608695655
NEBRASKA,2008,0.03980000000000001
NEBRASKA,2009,0.02733333333333334
NEBRASKA,2010,0.017249999999999998
NEBRASKA,2011,0.005434782608695652
NEVADA,1966,0.46900000000000003
NEVADA,1967,0.5120000000000001
NEVADA,1968,0.5177777777777778
NEVADA,1969,1.1695652173913047
NEVADA,1970,0.9396428571428573
NEVADA,1971,0.8270588235294117
NEVADA,1972,0.7562962962962962
NEVADA,1973,0.716923076923077
NEVADA,1974,1.0048717948717945
NEVADA,1975,0.6478048780487804
NEVADA,1976,0.4223684210526316
NEVADA,1977,0.14
NEVADA,1978,0.3193548387096775
NEVADA,1979,0.6923255813953489
NEVADA,1980,0.9534285714285714
NEVADA,1981,0.5111111111111111
NEVADA,1982,0.4551162790697674
NEVADA,1983,0.37075
NEVADA,1984,0.6554347826086956
NEVADA,1985,0.9120454545454549
NEVADA,1986,0.4384615384615383
NEVADA,1987,0.2813333333333332
NEVADA,1988,0.32130434782608697
NEVADA,1989,0.5173529411764707
NEVADA,1990,0.5102380952380952
NEVADA,1991,0.42026315789473684
NEVADA,1992,0.14166666666666672
NEVADA,1993,0.28035714285714286
NEVADA,1994,0.43925925925925924
NEVADA,1995,0.42512820512820515
NEVADA,1996,0.5226666666666667
NEVADA,1997,0.5716000000000001
NEVADA,1998,0.24727272727272728
NEVADA,1999,0.12852941176470592
NEVADA,2000,0.07682926829268294
NEVADA,2001,0.05717948717948719
NEVADA,2002,0.0415909090909091
NEVADA,2003,0.040888888888888905
NEVADA,2004,0.011818181818181816
NEVADA,2005,0.007826086956521738
NEVADA,2006,0.007659574468085106
NEVADA,2007,0.01
NEVADA,2008,0.0077142857142857135
NEVADA,2009,0.010909090909090908
NEVADA,2010,0.011063829787234043
NEVADA,2011,0.003846153846153846
NEW HAMPSHIRE,1966,0.250909090909091
NEW HAMPSHIRE,1967,0.24115384615384614
NEW HAMPSHIRE,1968,0.2480769230769231
NEW HAMPSHIRE,1969,0.517777777777778
NEW HAMPSHIRE,1970,0.5882608695652177
NEW HAMPSHIRE,1971,0.6036734693877552
NEW HAMPSHIRE,1972,0.9129787234042553
NEW HAMPSHIRE,1973,0.5643999999999998
NEW HAMPSHIRE,1974,0.3508163265306121
NEW HAMPSHIRE,1975,0.3429999999999999
NEW HAMPSHIRE,1976,0.23342857142857149
NEW HAMPSHIRE,1977,0.1641935483870968
NEW HAMPSHIRE,1978,0.236923076923077
NEW HAMPSHIRE,1979,0.18840000000000007
NEW HAMPSHIRE,1980,0.18882352941176467
NEW HAMPSHIRE,1981,0.17833333333333332
NEW HAMPSHIRE,1982,0.15190476190476193
NEW HAMPSHIRE,1983,0.14434782608695657
NEW HAMPSHIRE,1984,0.15652173913043485
NEW HAMPSHIRE,1985,0.1
NEW HAMPSHIRE,1986,0.21428571428571425
NEW HAMPSHIRE,1987,0.20666666666666667
NEW HAMPSHIRE,1988,0.07043478260869565
NEW HAMPSHIRE,1989,0.0815625
NEW HAMPSHIRE,1990,0.009
NEW HAMPSHIRE,1991,0.05750000000000001
NEW HAMPSHIRE,1992,0.08470588235294116
NEW HAMPSHIRE,1993,0.09259259259259259
NEW HAMPSHIRE,1994,0.041153846153846145
NEW HAMPSHIRE,1995,0.018
NEW HAMPSHIRE,1996,0.045909090909090906
NEW HAMPSHIRE,1997,0.062083333333333345
NEW HAMPSHIRE,1998,0.026470588235294117
NEW HAMPSHIRE,1999,0.026944444444444444
NEW HAMPSHIRE,2000,0.031219512195121958
NEW HAMPSHIRE,2001,0.03121951219512195
NEW HAMPSHIRE,2002,0.017391304347826087
NEW HAMPSHIRE,2003,0.01575
NEW HAMPSHIRE,2004,0.04642857142857143
NEW HAMPSHIRE,2005,0.12125000000000002
NEW HAMPSHIRE,2006,0.05625
NEW HAMPSHIRE,2007,0.0174
NEW HAMPSHIRE,2008,0.02205128205128205
NEW HAMPSHIRE,2009,0.010444444444444445
NEW HAMPSHIRE,2010,0.0036363636363636364
NEW JERSEY,1966,0.26211538461538464
NEW JERSEY,1967,0.36269230769230754
NEW JERSEY,1968,0.4380392156862746
NEW JERSEY,1969,0.49839999999999995
NEW JERSEY,1970,0.7154901960784315
NEW JERSEY,1971,0.9037254901960785
NEW JERSEY,1972,0.7042553191489362
NEW JERSEY,1973,0.48666666666666675
NEW JERSEY,1974,0.278125
NEW JERSEY,1975,0.27869565217391307
NEW JERSEY,1976,0.3545833333333334
NEW JERSEY,1977,0.25833333333333325
NEW JERSEY,1978,0.19851063829787235
NEW JERSEY,1979,0.18437500000000004
NEW JERSEY,1980,0.1847222222222223
NEW JERSEY,1981,0.2723684210526316
NEW JERSEY,1982,0.193061224489796
NEW JERSEY,1983,0.1472000000000001
NEW JERSEY,1984,0.16933333333333336
NEW JERSEY,1985,0.10863636363636366
NEW JERSEY,1986,0.07540540540540541
NEW JERSEY,1987,0.06820512820512824
NEW JERSEY,1988,0.11727272727272725
NEW JERSEY,1989,0.14483870967741935
NEW JERSEY,1990,0.08421052631578946
NEW JERSEY,1991,0.08441176470588235
NEW JERSEY,1992,0.0573529411764706
NEW JERSEY,1993,0.06703703703703706
NEW JERSEY,1994,0.09592592592592594
NEW JERSEY,1995,0.06864864864864866
NEW JERSEY,1996,0.09787878787878788
NEW JERSEY,1997,0.06458333333333334
NEW JERSEY,1998,0.0890625
NEW JERSEY,1999,0.026944444444444444
NEW JERSEY,2000,0.0868421052631579
NEW JERSEY,2001,0.073
NEW JERSEY,2002,0.03477272727272728
NEW JERSEY,2003,0.040750000000000015
NEW JERSEY,2004,0.03183673469387756
NEW JERSEY,2005,0.04638297872340426
NEW JERSEY,2006,0.016511627906976748
NEW JERSEY,2007,0.024130434782608703
NEW JERSEY,2008,0.013617021276595748
NEW JERSEY,2009,0.012500000000000002
NEW JERSEY,2010,0.0029166666666666664
NEW JERSEY,2011,0.008285714285714287
NEW MEXICO,1966,0.9151923076923079
NEW MEXICO,1967,0.9860000000000001
NEW MEXICO,1968,0.5851020408163263
NEW MEXICO,1969,0.5485416666666665
NEW MEXICO,1970,0.6644000000000002
NEW MEXICO,1971,0.8939215686274505
NEW MEXICO,1972,0.856595744680851
NEW MEXICO,1973,0.8519607843137252
NEW MEXICO,1974,1.178936170212766
NEW MEXICO,1975,0.7184444444444446
NEW MEXICO,1976,0.6881249999999995
NEW MEXICO,1977,0.7799999999999997
NEW MEXICO,1978,0.7436734693877548
NEW MEXICO,1979,0.9680851063829788
NEW MEXICO,1980,0.22846153846153844
NEW MEXICO,1981,0.4215909090909091
NEW MEXICO,1982,0.5880851063829785
NEW MEXICO,1983,0.33170212765957463
NEW MEXICO,1984,0.385217391304348
NEW MEXICO,1985,0.6685000000000001
NEW MEXICO,1986,0.6469230769230769
NEW MEXICO,1987,0.5360784313725491
NEW MEXICO,1988,0.795
NEW MEXICO,1989,0.9397058823529413
NEW MEXICO,1990,1.1661904761904767
NEW MEXICO,1991,1.013421052631579
NEW MEXICO,1992,0.36419354838709694
NEW MEXICO,1993,0.5084615384615385
NEW MEXICO,1994,1.2532142857142856
NEW MEXICO,1995,0.9729268292682922
NEW MEXICO,1996,0.3544444444444444
NEW MEXICO,1997,0.38814814814814824
NEW MEXICO,1998,0.1628571428571429
NEW MEXICO,1999,0.06736842105263158
NEW MEXICO,2000,0.06170731707317072
NEW MEXICO,2001,0.037750000000000006
NEW MEXICO,2002,0.031666666666666676
NEW MEXICO,2003,0.028048780487804886
NEW MEXICO,2004,0.024186046511627913
NEW MEXICO,2005,0.02416666666666667
NEW MEXICO,2006,0.012978723404255321
NEW MEXICO,2007,0.011627906976744186
NEW MEXICO,2008,0.01666666666666667
NEW MEXICO,2009,0.006818181818181818
NEW MEXICO,2010,0.004651162790697674
NEW MEXICO,2011,0.004166666666666667
NEW YORK,1966,0.27319999999999994
NEW YORK,1967,0.36442307692307696
NEW YORK,1968,0.3976923076923076
NEW YORK,1969,0.44836734693877556
NEW YORK,1970,0.5362745098039216
NEW YORK,1971,0.5264
NEW YORK,1972,0.411304347826087
NEW YORK,1973,0.33319148936170223
NEW YORK,1974,0.2652173913043478
NEW YORK,1975,0.21938775510204075
NEW YORK,1976,0.2278431372549019
NEW YORK,1977,0.14320000000000005
NEW YORK,1978,0.13408163265306122
NEW YORK,1979,0.12179999999999999
NEW YORK,1980,0.09921052631578947
NEW YORK,1981,0.13977777777777778
NEW YORK,1982,0.13541666666666666
NEW YORK,1983,0.15659574468085108
NEW YORK,1984,0.20085106382978724
NEW YORK,1985,0.08066666666666669
NEW YORK,1986,0.060526315789473706
NEW YORK,1987,0.10825
NEW YORK,1988,0.13681818181818184
NEW YORK,1989,0.18303030303030307
NEW YORK,1990,0.1892682926829269
NEW YORK,1991,0.20294117647058824
NEW YORK,1992,0.11896551724137931
NEW YORK,1993,0.042083333333333355
NEW YORK,1994,0.12761904761904766
NEW YORK,1995,0.1502564102564102
NEW YORK,1996,0.1029268292682927
NEW YORK,1997,0.10291666666666667
NEW YORK,1998,0.08147058823529411
NEW YORK,1999,0.05805555555555559
NEW YORK,2000,0.06425
NEW YORK,2001,0.05684210526315791
NEW YORK,2002,0.08086956521739128
NEW YORK,2003,0.0641860465116279
NEW YORK,2004,0.042083333333333355
NEW YORK,2005,0.043333333333333356
NEW YORK,2006,0.03255319148936172
NEW YORK,2007,0.030638297872340445
NEW YORK,2008,0.01803921568627452
NEW YORK,2009,0.013125000000000006
NEW YORK,2010,0.301875
NEW YORK,2011,0.013469387755102046
NORTH CAROLINA,1966,0.15499999999999997
NORTH CAROLINA,1967,0.13038461538461535
NORTH CAROLINA,1968,0.14839999999999998
NORTH CAROLINA,1969,0.25400000000000006
NORTH CAROLINA,1970,0.3605882352941177
NORTH CAROLINA,1971,0.47627450980392155
NORTH CAROLINA,1972,0.5940425531914894
NORTH CAROLINA,1973,0.460392156862745
NORTH CAROLINA,1974,0.31775510204081636
NORTH CAROLINA,1975,0.2217647058823529
NORTH CAROLINA,1976,0.16865384615384615
NORTH CAROLINA,1977,0.14960000000000004
NORTH CAROLINA,1978,0.11666666666666664
NORTH CAROLINA,1979,0.15419999999999998
NORTH CAROLINA,1980,0.11918918918918919
NORTH CAROLINA,1981,0.08208333333333333
NORTH CAROLINA,1982,0.05145833333333332
NORTH CAROLINA,1983,0.047209302325581425
NORTH CAROLINA,1984,0.04268292682926831
NORTH CAROLINA,1985,0.03605263157894739
NORTH CAROLINA,1986,0.03833333333333334
NORTH CAROLINA,1987,0.05469387755102039
NORTH CAROLINA,1988,0.1531818181818182
NORTH CAROLINA,1989,0.13117647058823528
NORTH CAROLINA,1990,0.19309523809523813
NORTH CAROLINA,1991,0.047368421052631594
NORTH CAROLINA,1992,0.030857142857142864
NORTH CAROLINA,1993,0.02814814814814815
NORTH CAROLINA,1994,0.04000000000000001
NORTH CAROLINA,1995,0.028780487804878064
NORTH CAROLINA,1996,0.05545454545454547
NORTH CAROLINA,1997,0.04884615384615386
NORTH CAROLINA,1998,0.03171428571428572
NORTH CAROLINA,1999,0.04277777777777779
NORTH CAROLINA,2000,0.03609756097560977
NORTH CAROLINA,2001,0.06000000000000001
NORTH CAROLINA,2002,0.04959183673469388
NORTH CAROLINA,2003,0.02888888888888889
NORTH CAROLINA,2004,0.024782608695652176
NORTH CAROLINA,2005,0.018600000000000005
NORTH CAROLINA,2006,0.022600000000000002
NORTH CAROLINA,2007,0.014583333333333335
NORTH CAROLINA,2008,0.014255319148936177
NORTH CAROLINA,2009,0.007755102040816327
NORTH CAROLINA,2010,0.011395348837209303
NORTH CAROLINA,2011,0.005306122448979592
NORTH DAKOTA,1966,0.3
NORTH DAKOTA,1967,0.3140740740740742
NORTH DAKOTA,1968,0.37750000000000006
NORTH DAKOTA,1969,0.24642857142857152
NORTH DAKOTA,1970,0.40615384615384625
NORTH DAKOTA,1971,0.49906976744186066
NORTH DAKOTA,1972,0.40766666666666673
NORTH DAKOTA,1973,0.295
NORTH DAKOTA,1974,0.35312499999999997
NORTH DAKOTA,1975,0.4359999999999999
NORTH DAKOTA,1976,0.5826190476190478
NORTH DAKOTA,1977,0.34862068965517257
NORTH DAKOTA,1978,0.44000000000000017
NORTH DAKOTA,1979,0.33166666666666667
NORTH DAKOTA,1980,0.45
NORTH DAKOTA,1981,0.15
NORTH DAKOTA,1983,0.15
NORTH DAKOTA,1985,0.26999999999999996
NORTH DAKOTA,1986,0.19999999999999998
NORTH DAKOTA,1988,0.034545454545454546
NORTH DAKOTA,1989,0.05814814814814815
NORTH DAKOTA,1990,0.07707317073170733
NORTH DAKOTA,1991,0.23363636363636361
NORTH DAKOTA,1992,0.3408823529411765
NORTH DAKOTA,1993,0.3192592592592593
NORTH DAKOTA,1994,0.03333333333333333
NORTH DAKOTA,1995,0.07647058823529412
NORTH DAKOTA,1996,0.46880952380952373
NORTH DAKOTA,1997,0.04818181818181819
NORTH DAKOTA,1998,0.014516129032258063
NORTH DAKOTA,1999,0.013333333333333334
NORTH DAKOTA,2000,0.015238095238095238
NORTH DAKOTA,2001,0.015238095238095238
NORTH DAKOTA,2002,0.009411764705882354
NORTH DAKOTA,2003,0.0
NORTH DAKOTA,2004,0.0
NORTH DAKOTA,2009,0.0
NORTH DAKOTA,2010,0.115
OHIO,1966,0.2501923076923077
OHIO,1967,0.2603846153846154
OHIO,1968,0.37173076923076914
OHIO,1969,0.36560000000000004
OHIO,1970,0.41058823529411753
OHIO,1971,0.36215686274509795
OHIO,1972,0.36042553191489374
OHIO,1973,0.3084313725490196
OHIO,1974,0.24693877551020407
OHIO,1975,0.30060000000000003
OHIO,1976,0.2530769230769231
OHIO,1977,0.25559999999999994
OHIO,1978,0.20320000000000005
OHIO,1979,0.172
OHIO,1980,0.11432432432432431
OHIO,1981,0.11106382978723406
OHIO,1982,0.1463265306122449
OHIO,1983,0.14539999999999995
OHIO,1984,0.11346938775510203
OHIO,1985,0.06431818181818183
OHIO,1986,0.06707317073170732
OHIO,1987,0.0479591836734694
OHIO,1988,0.0531818181818182
OHIO,1989,0.07323529411764705
OHIO,1990,0.052682926829268305
OHIO,1991,0.05578947368421054
OHIO,1992,0.07500000000000001
OHIO,1993,0.05607142857142859
OHIO,1994,0.1906896551724138
OHIO,1995,0.3005000000000001
OHIO,1996,0.12933333333333333
OHIO,1997,0.08392857142857145
OHIO,1998,0.07714285714285717
OHIO,1999,0.10263157894736842
OHIO,2000,0.04571428571428574
OHIO,2001,0.051250000000000004
OHIO,2002,0.06
OHIO,2003,0.03347826086956523
OHIO,2004,0.009591836734693882
OHIO,2005,0.009411764705882357
OHIO,2006,0.00961538461538462
OHIO,2007,0.013137254901960792
OHIO,2008,0.010000000000000002
OHIO,2009,0.006923076923076925
OHIO,2010,0.008653846153846156
OHIO,2011,0.007500000000000003
OKLAHOMA,1966,0.11083333333333338
OKLAHOMA,1967,0.23372549019607838
OKLAHOMA,1968,0.36571428571428566
OKLAHOMA,1969,0.2824489795918368
OKLAHOMA,1970,0.31163265306122445
OKLAHOMA,1971,0.5819607843137254
OKLAHOMA,1972,0.6091304347826086
OKLAHOMA,1973,0.7047999999999999
OKLAHOMA,1974,0.448723404255319
OKLAHOMA,1975,0.31600000000000006
OKLAHOMA,1976,0.5780769230769232
OKLAHOMA,1977,0.2887234042553191
OKLAHOMA,1978,0.23416666666666663
OKLAHOMA,1979,0.19106382978723402
OKLAHOMA,1980,0.25666666666666665
OKLAHOMA,1981,0.180625
OKLAHOMA,1982,0.4375510204081631
OKLAHOMA,1983,0.46219999999999994
OKLAHOMA,1984,0.28187500000000004
OKLAHOMA,1985,0.25357142857142856
OKLAHOMA,1986,0.2197435897435897
OKLAHOMA,1987,0.20380000000000004
OKLAHOMA,1988,0.4008695652173913
OKLAHOMA,1989,0.315
OKLAHOMA,1990,0.3540476190476191
OKLAHOMA,1991,0.1707894736842105
OKLAHOMA,1992,0.13323529411764706
OKLAHOMA,1993,0.22652173913043477
OKLAHOMA,1994,0.27137931034482754
OKLAHOMA,1995,0.9921621621621621
OKLAHOMA,1996,1.4975
OKLAHOMA,1997,0.8096153846153844
OKLAHOMA,1998,0.36771428571428577
OKLAHOMA,1999,0.32526315789473687
OKLAHOMA,2000,0.13638888888888887
OKLAHOMA,2001,0.07674999999999996
OKLAHOMA,2002,0.03418604651162792
OKLAHOMA,2003,0.017560975609756103
OKLAHOMA,2004,0.010000000000000002
OKLAHOMA,2005,0.003260869565217391
OKLAHOMA,2006,0.006808510638297872
OKLAHOMA,2007,0.01
OKLAHOMA,2008,0.005227272727272727
OKLAHOMA,2009,0.0033333333333333335
OKLAHOMA,2010,0.004
OKLAHOMA,2011,0.0020512820512820513
OREGON,1966,1.036153846153846
OREGON,1967,0.8526923076923075
OREGON,1968,0.8107843137254903
OREGON,1969,0.7698
OREGON,1970,0.91921568627451
OREGON,1971,1.2762745098039217
OREGON,1972,1.33531914893617
OREGON,1973,0.9570588235294119
OREGON,1974,0.6816326530612244
OREGON,1975,0.554901960784314
OREGON,1976,0.5573076923076922
OREGON,1977,0.5768627450980391
OREGON,1978,0.7568000000000004
OREGON,1979,0.5700000000000001
OREGON,1980,0.5452631578947368
OREGON,1981,0.37250000000000005
OREGON,1982,0.2783333333333334
OREGON,1983,0.5712000000000002
OREGON,1984,0.7483673469387757
OREGON,1985,1.2347727272727267
OREGON,1986,1.3900000000000001
OREGON,1987,0.9162745098039218
OREGON,1988,1.0482608695652174
OREGON,1989,1.6041176470588236
OREGON,1990,0.5211904761904763
OREGON,1991,0.29157894736842105
OREGON,1992,0.274
OREGON,1993,0.060714285714285735
OREGON,1994,0.6185185185185185
OREGON,1995,1.1641025641025642
OREGON,1996,0.4597777777777777
OREGON,1997,0.20999999999999996
OREGON,1998,0.2117142857142858
OREGON,1999,0.14777777777777779
OREGON,2000,0.11399999999999999
OREGON,2001,0.06439024390243901
OREGON,2002,0.03775510204081635
OREGON,2003,0.03533333333333335
OREGON,2004,0.04085106382978725
OREGON,2005,0.025800000000000003
OREGON,2006,0.02306122448979593
OREGON,2007,0.017346938775510214
OREGON,2008,0.01638297872340426
OREGON,2009,0.011333333333333334
OREGON,2010,0.011739130434782615
OREGON,2011,0.007872340425531914
PENNSYLVANIA,1966,0.2767307692307692
PENNSYLVANIA,1967,0.24826923076923074
PENNSYLVANIA,1968,0.2915384615384615
PENNSYLVANIA,1969,0.379
PENNSYLVANIA,1970,0.4816000000000002
PENNSYLVANIA,1971,0.45352941176470585
PENNSYLVANIA,1972,0.3282857142857143
PENNSYLVANIA,1973,0.28439999999999993
PENNSYLVANIA,1974,0.18208333333333335
PENNSYLVANIA,1975,0.17
PENNSYLVANIA,1976,0.14645833333333338
PENNSYLVANIA,1977,0.15666666666666665
PENNSYLVANIA,1978,0.11821428571428573
PENNSYLVANIA,1979,0.10439999999999999
PENNSYLVANIA,1980,0.10107142857142859
PENNSYLVANIA,1981,0.11000000000000001
PENNSYLVANIA,1982,0.21269230769230768
PENNSYLVANIA,1983,0.13638888888888887
PENNSYLVANIA,1984,0.1084848484848485
PENNSYLVANIA,1985,0.09258064516129035
PENNSYLVANIA,1986,0.06826086956521742
PENNSYLVANIA,1987,0.034285714285714294
PENNSYLVANIA,1988,0.23785714285714282
PENNSYLVANIA,1989,0.39176470588235296
PENNSYLVANIA,1990,0.27463414634146344
PENNSYLVANIA,1991,0.0723684210526316
PENNSYLVANIA,1992,0.04371428571428573
PENNSYLVANIA,1993,0.022692307692307696
PENNSYLVANIA,1994,0.050714285714285726
PENNSYLVANIA,1995,0.0353658536585366
PENNSYLVANIA,1996,0.08325581395348836
PENNSYLVANIA,1997,0.08920000000000002
PENNSYLVANIA,1998,0.0602857142857143
PENNSYLVANIA,1999,0.05166666666666668
PENNSYLVANIA,2000,0.06277777777777778
PENNSYLVANIA,2001,0.03871794871794873
PENNSYLVANIA,2002,0.03354166666666668
PENNSYLVANIA,2003,0.20049999999999998
PENNSYLVANIA,2004,0.023958333333333345
PENNSYLVANIA,2005,0.028541666666666674
PENNSYLVANIA,2006,0.00882352941176471
PENNSYLVANIA,2007,0.012200000000000003
PENNSYLVANIA,2008,0.017692307692307705
PENNSYLVANIA,2009,0.0089795918367347
PENNSYLVANIA,2010,0.008000000000000002
PENNSYLVANIA,2011,0.009795918367346943
RHODE ISLAND,1966,0.35465116279069775
RHODE ISLAND,1967,0.4766666666666665
RHODE ISLAND,1968,0.8196153846153843
RHODE ISLAND,1969,1.7995833333333333
RHODE ISLAND,1970,1.3413725490196078
RHODE ISLAND,1971,1.2536
RHODE ISLAND,1972,0.7497777777777777
RHODE ISLAND,1973,0.8440000000000003
RHODE ISLAND,1974,0.7131914893617023
RHODE ISLAND,1975,0.5875000000000002
RHODE ISLAND,1976,0.3844444444444447
RHODE ISLAND,1977,0.2788372093023257
RHODE ISLAND,1978,0.29323529411764704
RHODE ISLAND,1979,0.2526190476190477
RHODE ISLAND,1980,0.2739999999999999
RHODE ISLAND,1981,0.23128205128205123
RHODE ISLAND,1982,0.23971428571428563
RHODE ISLAND,1983,0.16909090909090913
RHODE ISLAND,1984,0.16928571428571432
RHODE ISLAND,1985,0.151
RHODE ISLAND,1986,0.14210526315789476
RHODE ISLAND,1987,0.26216216216216204
RHODE ISLAND,1988,0.17391304347826086
RHODE ISLAND,1989,0.1066666666666667
RHODE ISLAND,1990,0.10975609756097561
RHODE ISLAND,1991,0.23078947368421052
RHODE ISLAND,1992,0.30970588235294116
RHODE ISLAND,1993,0.12888888888888894
RHODE ISLAND,1994,0.06827586206896553
RHODE ISLAND,1995,0.09175000000000003
RHODE ISLAND,1996,0.046046511627906975
RHODE ISLAND,1997,0.17279999999999998
RHODE ISLAND,1998,0.0371875
RHODE ISLAND,1999,0.0596551724137931
RHODE ISLAND,2000,0.07433333333333335
RHODE ISLAND,2001,0.14605263157894738
RHODE ISLAND,2002,0.05777777777777777
RHODE ISLAND,2003,0.03025
RHODE ISLAND,2004,0.0426829268292683
RHODE ISLAND,2005,0.030697674418604652
RHODE ISLAND,2006,0.031041666666666665
RHODE ISLAND,2007,0.02305555555555555
RHODE ISLAND,2008,0.0238
RHODE ISLAND,2009,0.008571428571428572
RHODE ISLAND,2010,0.009024390243902438
RHODE ISLAND,2011,0.0071428571428571435
SOUTH CAROLINA,1966,0.08400000000000005
SOUTH CAROLINA,1967,0.11175000000000004
SOUTH CAROLINA,1968,0.14785714285714285
SOUTH CAROLINA,1969,0.2502
SOUTH CAROLINA,1970,0.282
SOUTH CAROLINA,1971,0.2573469387755101
SOUTH CAROLINA,1972,0.31913043478260866
SOUTH CAROLINA,1973,0.4045833333333335
SOUTH CAROLINA,1974,0.20510204081632655
SOUTH CAROLINA,1975,0.253673469387755
SOUTH CAROLINA,1976,0.16192307692307695
SOUTH CAROLINA,1977,0.10166666666666668
SOUTH CAROLINA,1978,0.0735897435897436
SOUTH CAROLINA,1979,0.12530612244897957
SOUTH CAROLINA,1980,0.09406249999999995
SOUTH CAROLINA,1981,0.0753658536585366
SOUTH CAROLINA,1982,0.2073913043478261
SOUTH CAROLINA,1983,0.17050000000000004
SOUTH CAROLINA,1984,0.053333333333333344
SOUTH CAROLINA,1985,0.05000000000000001
SOUTH CAROLINA,1986,0.061875000000000006
SOUTH CAROLINA,1987,0.047272727272727286
SOUTH CAROLINA,1988,0.022173913043478266
SOUTH CAROLINA,1989,0.05225806451612904
SOUTH CAROLINA,1990,0.02452380952380954
SOUTH CAROLINA,1991,0.02526315789473685
SOUTH CAROLINA,1992,0.011714285714285715
SOUTH CAROLINA,1993,0.005555555555555556
SOUTH CAROLINA,1994,0.02758620689655173
SOUTH CAROLINA,1995,0.028823529411764713
SOUTH CAROLINA,1996,0.0325
SOUTH CAROLINA,1997,0.0426923076923077
SOUTH CAROLINA,1998,0.02941176470588236
SOUTH CAROLINA,1999,0.02916666666666668
SOUTH CAROLINA,2000,0.04175
SOUTH CAROLINA,2001,0.03421052631578948
SOUTH CAROLINA,2002,0.03282608695652175
SOUTH CAROLINA,2003,0.018139534883720936
SOUTH CAROLINA,2004,0.01261904761904762
SOUTH CAROLINA,2005,0.019772727272727275
SOUTH CAROLINA,2006,0.008695652173913044
SOUTH CAROLINA,2007,0.007400000000000001
SOUTH CAROLINA,2008,0.007333333333333335
SOUTH CAROLINA,2009,0.02113636363636364
SOUTH CAROLINA,2010,0.009387755102040818
SOUTH CAROLINA,2011,0.003404255319148936
SOUTH DAKOTA,1966,0.1733333333333333
SOUTH DAKOTA,1967,0.16249999999999995
SOUTH DAKOTA,1968,0.41214285714285726
SOUTH DAKOTA,1969,0.41612903225806475
SOUTH DAKOTA,1970,0.1657894736842105
SOUTH DAKOTA,1971,0.6840000000000003
SOUTH DAKOTA,1972,0.4626829268292681
SOUTH DAKOTA,1973,0.8828947368421054
SOUTH DAKOTA,1974,0.6113513513513511
SOUTH DAKOTA,1975,0.2731818181818183
SOUTH DAKOTA,1976,0.38642857142857145
SOUTH DAKOTA,1977,0.3233333333333333
SOUTH DAKOTA,1978,1.1305555555555555
SOUTH DAKOTA,1979,0.6419512195121947
SOUTH DAKOTA,1980,0.3895833333333334
SOUTH DAKOTA,1981,0.2500000000000001
SOUTH DAKOTA,1982,0.1672727272727273
SOUTH DAKOTA,1983,0.6976923076923076
SOUTH DAKOTA,1984,0.7404999999999999
SOUTH DAKOTA,1985,0.9413888888888887
SOUTH DAKOTA,1986,0.7364516129032259
SOUTH DAKOTA,1987,0.22111111111111115
SOUTH DAKOTA,1988,0.23153846153846155
SOUTH DAKOTA,1989,0.12318181818181818
SOUTH DAKOTA,1990,1.4407142857142854
SOUTH DAKOTA,1991,2.66972972972973
SOUTH DAKOTA,1992,0.6500000000000004
SOUTH DAKOTA,1993,0.045000000000000005
SOUTH DAKOTA,1994,0.12000000000000001
SOUTH DAKOTA,1995,0.271875
SOUTH DAKOTA,1996,0.10295454545454544
SOUTH DAKOTA,1997,0.0316
SOUTH DAKOTA,1998,0.10406249999999999
SOUTH DAKOTA,1999,0.025
SOUTH DAKOTA,2000,0.010833333333333334
SOUTH DAKOTA,2001,0.0
SOUTH DAKOTA,2002,0.005416666666666667
SOUTH DAKOTA,2004,0.006046511627906977
SOUTH DAKOTA,2005,0.0
SOUTH DAKOTA,2006,0.022173913043478263
SOUTH DAKOTA,2007,0.01391304347826087
SOUTH DAKOTA,2008,0.009607843137254901
SOUTH DAKOTA,2009,0.006666666666666666
SOUTH DAKOTA,2010,0.0
SOUTH DAKOTA,2011,0.0
TENNESSEE,1966,0.5017307692307695
TENNESSEE,1967,0.4175000000000001
TENNESSEE,1968,0.5125000000000001
TENNESSEE,1969,0.5198000000000002
TENNESSEE,1970,0.6188235294117647
TENNESSEE,1971,0.6823529411764707
TENNESSEE,1972,0.6487234042553193
TENNESSEE,1973,0.8166666666666668
TENNESSEE,1974,0.7942857142857145
TENNESSEE,1975,0.5280392156862748
TENNESSEE,1976,0.5078846153846152
TENNESSEE,1977,0.418627450980392
TENNESSEE,1978,0.3058
TENNESSEE,1979,0.23460000000000003
TENNESSEE,1980,0.22135135135135134
TENNESSEE,1981,0.186875
TENNESSEE,1982,0.146734693877551
TENNESSEE,1983,0.09571428571428567
TENNESSEE,1984,0.054473684210526334
TENNESSEE,1985,0.04411764705882354
TENNESSEE,1986,0.04233333333333335
TENNESSEE,1987,0.02882352941176472
TENNESSEE,1988,0.0531818181818182
TENNESSEE,1989,0.04727272727272728
TENNESSEE,1990,0.0754761904761905
TENNESSEE,1991,0.06594594594594595
TENNESSEE,1992,0.04606060606060607
TENNESSEE,1993,0.04592592592592593
TENNESSEE,1994,0.11000000000000001
TENNESSEE,1995,0.3907692307692307
TENNESSEE,1996,0.1754054054054054
TENNESSEE,1997,0.12999999999999998
TENNESSEE,1998,0.07200000000000002
TENNESSEE,1999,0.0642857142857143
TENNESSEE,2000,0.05435897435897438
TENNESSEE,2001,0.05500000000000002
TENNESSEE,2002,0.04000000000000001
TENNESSEE,2003,0.07066666666666666
TENNESSEE,2004,0.026595744680851074
TENNESSEE,2005,0.049795918367346946
TENNESSEE,2006,0.015400000000000007
TENNESSEE,2007,0.015957446808510644
TENNESSEE,2008,0.01086956521739131
TENNESSEE,2009,0.005399999999999999
TENNESSEE,2010,0.004999999999999999
TENNESSEE,2011,0.008222222222222225
TEXAS,1966,0.330769230769231
TEXAS,1967,0.5049019607843138
TEXAS,1968,0.4052
TEXAS,1969,0.41839999999999994
TEXAS,1970,0.46745098039215677
TEXAS,1971,0.6217647058823529
TEXAS,1972,0.6163043478260871
TEXAS,1973,0.7760416666666669
TEXAS,1974,0.5913953488372091
TEXAS,1975,0.44959183673469383
TEXAS,1976,0.28341463414634144
TEXAS,1977,0.2988235294117648
TEXAS,1978,0.3708000000000002
TEXAS,1979,0.45117647058823546
TEXAS,1980,0.36868421052631584
TEXAS,1981,0.3427659574468086
TEXAS,1982,0.3917999999999999
TEXAS,1983,0.35339999999999994
TEXAS,1984,0.27511111111111114
TEXAS,1985,0.27558139534883724
TEXAS,1986,0.22205128205128205
TEXAS,1987,0.2028
TEXAS,1988,0.27499999999999997
TEXAS,1989,0.361875
TEXAS,1990,0.27625
TEXAS,1991,0.3002857142857144
TEXAS,1992,0.23615384615384621
TEXAS,1993,0.29079999999999995
TEXAS,1994,0.33
TEXAS,1995,0.27948717948717944
TEXAS,1996,0.3076744186046512
TEXAS,1997,0.42124999999999996
TEXAS,1998,0.3702941176470588
TEXAS,1999,0.24000000000000002
TEXAS,2000,0.1246153846153846
TEXAS,2001,0.12666666666666665
TEXAS,2002,0.04239130434782609
TEXAS,2003,0.04615384615384616
TEXAS,2004,0.06048780487804878
TEXAS,2005,0.014374999999999999
TEXAS,2006,0.013478260869565216
TEXAS,2007,0.006279069767441861
TEXAS,2008,0.004583333333333333
TEXAS,2009,0.004489795918367348
TEXAS,2010,0.006800000000000001
TEXAS,2011,0.0063265306122448975
UTAH,1966,0.3593617021276595
UTAH,1967,0.37926829268292667
UTAH,1968,0.48384615384615387
UTAH,1969,0.5658333333333334
UTAH,1970,0.585625
UTAH,1971,0.8678
UTAH,1972,0.5619565217391306
UTAH,1973,0.34488372093023256
UTAH,1974,0.3722727272727274
UTAH,1975,0.4353061224489794
UTAH,1976,0.4277272727272728
UTAH,1977,0.3502325581395349
UTAH,1978,0.4956818181818182
UTAH,1979,0.3824390243902441
UTAH,1980,0.33121212121212124
UTAH,1981,0.16838709677419353
UTAH,1982,0.26767441860465113
UTAH,1983,0.18468085106382967
UTAH,1984,0.4864444444444446
UTAH,1985,0.3135
UTAH,1986,0.22216216216216209
UTAH,1987,0.30791666666666656
UTAH,1988,0.3321739130434783
UTAH,1989,0.47333333333333333
UTAH,1990,0.7004878048780491
UTAH,1991,0.3171052631578948
UTAH,1992,0.601764705882353
UTAH,1993,0.5324000000000002
UTAH,1994,0.7493103448275861
UTAH,1995,0.7575675675675674
UTAH,1996,0.9926666666666666
UTAH,1997,0.4992307692307693
UTAH,1998,0.1626470588235294
UTAH,1999,0.054054054054054064
UTAH,2000,0.062195121951219505
UTAH,2001,0.064
UTAH,2002,0.055957446808510634
UTAH,2003,0.042444444444444444
UTAH,2004,0.03851063829787236
UTAH,2005,0.016800000000000002
UTAH,2006,0.012291666666666664
UTAH,2007,0.005405405405405406
UTAH,2008,0.009777777777777778
UTAH,2009,0.004761904761904762
UTAH,2010,0.009714285714285713
UTAH,2011,0.003888888888888889
VERMONT,1966,0.3252941176470589
VERMONT,1967,0.27538461538461545
VERMONT,1968,0.741904761904762
VERMONT,1969,0.7761363636363637
VERMONT,1970,1.6477551020408159
VERMONT,1971,1.8305882352941165
VERMONT,1972,0.9442553191489366
VERMONT,1973,1.1006250000000004
VERMONT,1974,0.598604651162791
VERMONT,1975,0.42103448275862076
VERMONT,1976,0.43599999999999994
VERMONT,1977,0.32800000000000007
VERMONT,1978,0.3764285714285714
VERMONT,1979,0.3582142857142857
VERMONT,1980,0.3142105263157896
VERMONT,1981,0.36166666666666675
VERMONT,1982,0.37333333333333335
VERMONT,1983,0.27142857142857146
VERMONT,1984,0.2533333333333333
VERMONT,1985,0.2441176470588235
VERMONT,1986,0.281
VERMONT,1987,0.21
VERMONT,1988,0.045
VERMONT,1989,0.09225806451612903
VERMONT,1990,0.018
VERMONT,1991,0.07323529411764705
VERMONT,1992,0.05111111111111111
VERMONT,1993,0.01888888888888889
VERMONT,1994,0.08499999999999999
VERMONT,1995,0.019615384615384614
VERMONT,1996,0.056666666666666664
VERMONT,1997,0.04576923076923077
VERMONT,1998,0.02
VERMONT,1999,0.1146875
VERMONT,2000,0.02871794871794872
VERMONT,2001,0.06542857142857143
VERMONT,2002,0.0
VERMONT,2003,0.02181818181818182
VERMONT,2004,0.024042553191489364
VERMONT,2005,0.024242424242424242
VERMONT,2006,0.03
VERMONT,2007,0.029090909090909094
VERMONT,2008,0.009696969696969697
VERMONT,2009,0.004705882352941177
VERMONT,2011,0.0163265306122449
VIRGINIA,1966,0.2547058823529411
VIRGINIA,1967,0.3086274509803922
VIRGINIA,1968,0.24307692307692308
VIRGINIA,1969,0.19142857142857142
VIRGINIA,1970,0.5698000000000001
VIRGINIA,1971,0.6015686274509805
VIRGINIA,1972,0.40276595744680843
VIRGINIA,1973,0.2972549019607843
VIRGINIA,1974,0.20124999999999993
VIRGINIA,1975,0.16204081632653058
VIRGINIA,1976,0.1276923076923077
VIRGINIA,1977,0.12294117647058825
VIRGINIA,1978,0.10428571428571427
VIRGINIA,1979,0.09816326530612242
VIRGINIA,1980,0.11473684210526314
VIRGINIA,1981,0.07446808510638298
VIRGINIA,1982,0.07911111111111115
VIRGINIA,1983,0.05302325581395351
VIRGINIA,1984,0.05567567567567569
VIRGINIA,1985,0.06405405405405404
VIRGINIA,1986,0.05766666666666667
VIRGINIA,1987,0.08777777777777775
VIRGINIA,1988,0.11608695652173914
VIRGINIA,1989,0.085
VIRGINIA,1990,0.09414634146341462
VIRGINIA,1991,0.06444444444444446
VIRGINIA,1992,0.04764705882352943
VIRGINIA,1993,0.05416666666666667
VIRGINIA,1994,0.0644
VIRGINIA,1995,0.0723684210526316
VIRGINIA,1996,0.06097560975609758
VIRGINIA,1997,0.07040000000000003
VIRGINIA,1998,0.06411764705882356
VIRGINIA,1999,0.048055555555555574
VIRGINIA,2000,0.042250000000000024
VIRGINIA,2001,0.04000000000000002
VIRGINIA,2002,0.04130434782608696
VIRGINIA,2003,0.03279069767441862
VIRGINIA,2004,0.04000000000000001
VIRGINIA,2005,0.023555555555555566
VIRGINIA,2006,0.01571428571428572
VIRGINIA,2007,0.01695652173913044
VIRGINIA,2008,0.010000000000000002
VIRGINIA,2009,0.008936170212765958
VIRGINIA,2010,0.010204081632653066
VIRGINIA,2011,0.005400000000000001
WASHINGTON,1966,0.37879999999999997
WASHINGTON,1967,0.5539999999999999
WASHINGTON,1968,0.7139215686274512
WASHINGTON,1969,0.7866666666666665
WASHINGTON,1970,0.7815686274509804
WASHINGTON,1971,0.7624489795918369
WASHINGTON,1972,0.649787234042553
WASHINGTON,1973,0.6167346938775511
WASHINGTON,1974,0.3812244897959184
WASHINGTON,1975,0.398
WASHINGTON,1976,0.23540000000000005
WASHINGTON,1977,0.29140000000000005
WASHINGTON,1978,0.4262000000000002
WASHINGTON,1979,0.4708333333333334
WASHINGTON,1980,0.23263157894736847
WASHINGTON,1981,0.29000000000000004
WASHINGTON,1982,0.21777777777777782
WASHINGTON,1983,0.11874999999999997
WASHINGTON,1984,0.17249999999999996
WASHINGTON,1985,0.2965909090909091
WASHINGTON,1986,0.44219512195121946
WASHINGTON,1987,1.0474000000000003
WASHINGTON,1988,1.1045454545454545
WASHINGTON,1989,1.2469696969696966
WASHINGTON,1990,0.5641463414634145
WASHINGTON,1991,0.2286486486486486
WASHINGTON,1992,0.29257142857142865
WASHINGTON,1993,0.3372
WASHINGTON,1994,0.1782758620689655
WASHINGTON,1995,0.2858974358974359
WASHINGTON,1996,0.27511627906976743
WASHINGTON,1997,0.25000000000000006
WASHINGTON,1998,0.37333333333333324
WASHINGTON,1999,0.15324324324324326
WASHINGTON,2000,0.09949999999999998
WASHINGTON,2001,0.05157894736842107
WASHINGTON,2002,0.051304347826086956
WASHINGTON,2003,0.022045454545454556
WASHINGTON,2004,0.01934782608695653
WASHINGTON,2005,0.017959183673469395
WASHINGTON,2006,0.018163265306122455
WASHINGTON,2007,0.018400000000000007
WASHINGTON,2008,0.015416666666666674
WASHINGTON,2009,0.014791666666666673
WASHINGTON,2010,0.004791666666666668
WASHINGTON,2011,0.007083333333333334
WEST VIRGINIA,1966,0.27480000000000004
WEST VIRGINIA,1967,0.4191836734693877
WEST VIRGINIA,1968,0.3628846153846154
WEST VIRGINIA,1969,0.387
WEST VIRGINIA,1970,0.4326
WEST VIRGINIA,1971,0.5677999999999999
WEST VIRGINIA,1972,0.47377777777777785
WEST VIRGINIA,1973,0.37479166666666663
WEST VIRGINIA,1974,0.18750000000000003
WEST VIRGINIA,1975,0.20046511627906982
WEST VIRGINIA,1976,0.2684313725490196
WEST VIRGINIA,1977,0.32380000000000003
WEST VIRGINIA,1978,0.17906976744186046
WEST VIRGINIA,1979,0.15369565217391298
WEST VIRGINIA,1980,0.1293939393939394
WEST VIRGINIA,1981,0.13474999999999993
WEST VIRGINIA,1982,0.11108108108108102
WEST VIRGINIA,1983,0.1067741935483871
WEST VIRGINIA,1984,0.07900000000000001
WEST VIRGINIA,1985,0.09437500000000001
WEST VIRGINIA,1986,0.11916666666666663
WEST VIRGINIA,1987,0.06125000000000001
WEST VIRGINIA,1988,0.027894736842105264
WEST VIRGINIA,1989,0.029062500000000005
WEST VIRGINIA,1990,0.03025000000000001
WEST VIRGINIA,1991,0.02081081081081081
WEST VIRGINIA,1992,0.013055555555555555
WEST VIRGINIA,1993,0.051739130434782614
WEST VIRGINIA,1994,0.02
WEST VIRGINIA,1995,0.022682926829268295
WEST VIRGINIA,1996,0.01790697674418605
WEST VIRGINIA,1997,0.01
WEST VIRGINIA,1998,0.0092
WEST VIRGINIA,1999,0.051764705882352956
WEST VIRGINIA,2000,0.07222222222222224
WEST VIRGINIA,2001,0.04387096774193549
WEST VIRGINIA,2002,0.026136363636363638
WEST VIRGINIA,2003,0.01666666666666667
WEST VIRGINIA,2004,0.006511627906976744
WEST VIRGINIA,2005,0.017058823529411765
WEST VIRGINIA,2006,0.0074358974358974365
WEST VIRGINIA,2007,0.014594594594594595
WEST VIRGINIA,2008,0.005581395348837209
WEST VIRGINIA,2009,0.015789473684210527
WEST VIRGINIA,2010,0.011428571428571429
WEST VIRGINIA,2011,0.007000000000000001
WISCONSIN,1966,0.16923076923076924
WISCONSIN,1967,0.20057692307692307
WISCONSIN,1968,0.24529411764705877
WISCONSIN,1969,0.18900000000000008
WISCONSIN,1970,0.20980392156862743
WISCONSIN,1971,0.1916326530612245
WISCONSIN,1972,0.14851063829787237
WISCONSIN,1973,0.1489795918367347
WISCONSIN,1974,0.26333333333333336
WISCONSIN,1975,0.18058823529411763
WISCONSIN,1976,0.13823529411764707
WISCONSIN,1977,0.1806
WISCONSIN,1978,0.12166666666666665
WISCONSIN,1979,0.11428571428571428
WISCONSIN,1980,0.1277142857142857
WISCONSIN,1981,0.04411764705882354
WISCONSIN,1982,0.056071428571428585
WISCONSIN,1983,0.03
WISCONSIN,1984,0.025
WISCONSIN,1987,0.04
WISCONSIN,1988,0.11045454545454549
WISCONSIN,1989,0.10303030303030306
WISCONSIN,1990,0.15853658536585363
WISCONSIN,1991,0.24972222222222218
WISCONSIN,1992,0.3373529411764706
WISCONSIN,1993,0.25259259259259254
WISCONSIN,1994,0.09346153846153847
WISCONSIN,1995,0.0673684210526316
WISCONSIN,1996,0.06800000000000003
WISCONSIN,1997,0.05958333333333334
WISCONSIN,1998,0.07031250000000001
WISCONSIN,1999,0.023333333333333334
WISCONSIN,2000,0.0056410256410256415
WISCONSIN,2001,0.0403448275862069
WISCONSIN,2002,0.07363636363636364
WISCONSIN,2003,0.01488372093023256
WISCONSIN,2004,0.019347826086956524
WISCONSIN,2005,0.013469387755102044
WISCONSIN,2006,0.014166666666666666
WISCONSIN,2007,0.0018181818181818182
WISCONSIN,2008,0.013720930232558142
WISCONSIN,2009,0.008085106382978725
WISCONSIN,2010,0.009411764705882356
WISCONSIN,2011,0.0020833333333333333
WYOMING,1966,0.5772413793103447
WYOMING,1967,0.7196428571428569
WYOMING,1968,0.4982608695652174
WYOMING,1969,0.8789285714285715
WYOMING,1970,0.6407894736842102
WYOMING,1971,0.5659999999999998
WYOMING,1972,0.4646153846153846
WYOMING,1973,0.47481481481481475
WYOMING,1974,0.6833333333333333
WYOMING,1975,0.47500000000000003
WYOMING,1976,0.31
WYOMING,1977,0.30666666666666675
WYOMING,1978,0.49076923076923085
WYOMING,1979,0.3178571428571429
WYOMING,1980,0.3136363636363637
WYOMING,1981,0.6699999999999998
WYOMING,1982,0.5482142857142857
WYOMING,1983,0.3623529411764707
WYOMING,1984,0.32222222222222224
WYOMING,1985,0.30166666666666664
WYOMING,1986,0.2423076923076923
WYOMING,1987,0.34416666666666673
WYOMING,1988,0.0325
WYOMING,1989,0.25363636363636366
WYOMING,1990,0.38634146341463416
WYOMING,1991,0.5062162162162162
WYOMING,1992,0.04047619047619048
WYOMING,1993,0.07777777777777778
WYOMING,1994,0.1416
WYOMING,1995,0.49648648648648663
WYOMING,1996,0.18256410256410258
WYOMING,1997,0.1651851851851852
WYOMING,1998,0.1536363636363637
WYOMING,1999,0.03428571428571429
WYOMING,2000,0.0917142857142857
WYOMING,2001,0.12236842105263158
WYOMING,2002,0.009090909090909092
WYOMING,2003,0.005555555555555556
WYOMING,2004,0.02040816326530612
WYOMING,2006,0.010270270270270271
WYOMING,2007,0.013571428571428571
WYOMING,2008,0.008444444444444445
WYOMING,2009,0.0
WYOMING,2010,0.018965517241379314
WYOMING,2011,0.004285714285714286
