state_name,year,disease,incidence_per_capita
ALABAMA,1968,MUMPS,0.36227272727272725
ALABAMA,1969,MUMPS,0.1851351351351352
ALABAMA,1970,MUMPS,0.2196078431372549
ALABAMA,1971,MUMPS,0.5680392156862746
ALABAMA,1972,MUMPS,0.47439999999999993
ALABAMA,1973,MUMPS,0.4255102040816326
ALABAMA,1974,MUMPS,0.33319999999999994
ALABAMA,1975,MUMPS,0.23403846153846147
ALABAMA,1976,MUMPS,0.19807692307692312
ALABAMA,1977,MUMPS,0.15079999999999996
ALABAMA,1978,MUMPS,0.22156862745098038
ALABAMA,1979,MUMPS,0.015098039215686282
ALABAMA,1980,MUMPS,0.019574468085106385
ALABAMA,1981,MUMPS,0.012142857142857143
ALABAMA,1982,MUMPS,0.006304347826086958
ALABAMA,1983,MUMPS,0.0022222222222222222
ALABAMA,1984,MUMPS,0.003409090909090909
ALABAMA,1985,MUMPS,0.002
ALABAMA,1986,MUMPS,0.0018181818181818182
ALABAMA,1987,MUMPS,0.03166666666666667
ALABAMA,1988,MUMPS,0.008367346938775512
ALABAMA,1989,MUMPS,0.013200000000000005
ALABAMA,1990,MUMPS,0.008749999999999999
ALABAMA,1991,MUMPS,0.006170212765957446
ALABAMA,1992,MUMPS,0.005681818181818181
ALABAMA,1993,MUMPS,0.010000000000000002
ALABAMA,1994,MUMPS,0.009666666666666665
ALABAMA,1995,MUMPS,0.0008163265306122449
ALABAMA,1996,MUMPS,0.003
ALABAMA,1997,MUMPS,0.003404255319148936
ALABAMA,1998,MUMPS,0.0038095238095238095
ALABAMA,1999,MUMPS,0.005454545454545454
ALABAMA,2000,MUMPS,0.0016666666666666668
ALABAMA,2002,MUMPS,0.0008695652173913044
ALASKA,1968,MUMPS,4.844807692307694
ALASKA,1969,MUMPS,7.5809756097560985
ALASKA,1970,MUMPS,1.838599999999999
ALASKA,1971,MUMPS,0.6097872340425533
ALASKA,1972,MUMPS,1.5742857142857143
ALASKA,1973,MUMPS,5.012941176470587
ALASKA,1974,MUMPS,0.8089795918367348
ALASKA,1975,MUMPS,0.25470588235294117
ALASKA,1976,MUMPS,0.19265306122448977
ALASKA,1977,MUMPS,0.16470588235294117
ALASKA,1978,MUMPS,0.078125
ALASKA,1979,MUMPS,0.08152173913043478
ALASKA,1980,MUMPS,0.07979166666666669
ALASKA,1981,MUMPS,0.09545454545454546
ALASKA,1982,MUMPS,0.07723404255319151
ALASKA,1983,MUMPS,0.06395833333333333
ALASKA,1984,MUMPS,0.06708333333333333
ALASKA,1985,MUMPS,0.036938775510204074
ALASKA,1986,MUMPS,0.04155555555555556
ALASKA,1987,MUMPS,0.03395348837209302
ALASKA,1988,MUMPS,0.0508
ALASKA,1989,MUMPS,0.006
ALASKA,1990,MUMPS,0.03789473684210526
ALASKA,1991,MUMPS,0.05680851063829787
ALASKA,1992,MUMPS,0.017
ALASKA,1993,MUMPS,0.03854166666666666
ALASKA,1994,MUMPS,0.013877551020408165
ALASKA,1995,MUMPS,0.0425531914893617
ALASKA,1996,MUMPS,0.01
ALASKA,1997,MUMPS,0.015238095238095238
ALASKA,1998,MUMPS,0.006956521739130435
ALASKA,1999,MUMPS,0.010212765957446808
ALASKA,2000,MUMPS,0.03368421052631578
ALASKA,2001,MUMPS,0.004
ARIZONA,1968,MUMPS,2.3942
ARIZONA,1969,MUMPS,2.467959183673468
ARIZONA,1970,MUMPS,1.0412
ARIZONA,1971,MUMPS,1.216666666666667
ARIZONA,1972,MUMPS,0.9195999999999998
ARIZONA,1973,MUMPS,0.14999999999999997
ARIZONA,1978,MUMPS,0.023555555555555562
ARIZONA,1979,MUMPS,0.04739999999999999
ARIZONA,1980,MUMPS,0.03160000000000002
ARIZONA,1981,MUMPS,0.026595744680851078
ARIZONA,1982,MUMPS,0.040980392156862756
ARIZONA,1983,MUMPS,0.061249999999999964
ARIZONA,1984,MUMPS,0.12431372549019608
ARIZONA,1985,MUMPS,0.07294117647058825
ARIZONA,1986,MUMPS,0.118
ARIZONA,1987,MUMPS,0.1064
ARIZONA,1988,MUMPS,0.07745098039215687
ARIZONA,1989,MUMPS,0.0692156862745098
ARIZONA,1990,MUMPS,0.06816326530612243
ARIZONA,1991,MUMPS,0.07913043478260863
ARIZONA,1992,MUMPS,0.03533333333333334
ARIZONA,1993,MUMPS,0.01
ARIZONA,1994,MUMPS,0.070625
ARIZONA,1995,MUMPS,0.003181818181818182
ARIZONA,1996,MUMPS,0.00046511627906976747
ARIZONA,1997,MUMPS,0.02060606060606061
ARIZONA,1998,MUMPS,0.0025531914893617024
ARIZONA,1999,MUMPS,0.012307692307692308
ARIZONA,2000,MUMPS,0.0036363636363636364
ARIZONA,2001,MUMPS,0.0006666666666666666
ARIZONA,2002,MUMPS,0.0
ARKANSAS,1968,MUMPS,0.07692307692307694
ARKANSAS,1969,MUMPS,0.27294117647058824
ARKANSAS,1970,MUMPS,0.1717391304347826
ARKANSAS,1971,MUMPS,0.15999999999999995
ARKANSAS,1972,MUMPS,0.21958333333333332
ARKANSAS,1973,MUMPS,0.31568627450980385
ARKANSAS,1974,MUMPS,0.1744897959183673
ARKANSAS,1975,MUMPS,0.16461538461538464
ARKANSAS,1976,MUMPS,0.07591836734693877
ARKANSAS,1977,MUMPS,0.1484444444444444
ARKANSAS,1978,MUMPS,0.5535999999999999
ARKANSAS,1979,MUMPS,0.5488235294117645
ARKANSAS,1980,MUMPS,0.021836734693877556
ARKANSAS,1981,MUMPS,0.0116
ARKANSAS,1982,MUMPS,0.006530612244897959
ARKANSAS,1983,MUMPS,0.0016326530612244899
ARKANSAS,1984,MUMPS,0.007499999999999999
ARKANSAS,1985,MUMPS,0.005686274509803921
ARKANSAS,1986,MUMPS,0.16702127659574467
ARKANSAS,1987,MUMPS,0.2735555555555554
ARKANSAS,1988,MUMPS,0.12340425531914892
ARKANSAS,1989,MUMPS,0.1703921568627451
ARKANSAS,1990,MUMPS,0.11599999999999999
ARKANSAS,1991,MUMPS,0.04136363636363637
ARKANSAS,1992,MUMPS,0.0071111111111111115
ARKANSAS,1993,MUMPS,0.0036363636363636364
ARKANSAS,1994,MUMPS,0.007692307692307693
ARKANSAS,1995,MUMPS,0.011764705882352941
ARKANSAS,1996,MUMPS,0.0026666666666666666
ARKANSAS,1997,MUMPS,0.0
ARKANSAS,1998,MUMPS,0.017499999999999998
ARKANSAS,2000,MUMPS,0.004634146341463414
ARKANSAS,2001,MUMPS,0.001
CALIFORNIA,1968,MUMPS,1.7076470588235289
CALIFORNIA,1969,MUMPS,0.7970588235294117
CALIFORNIA,1970,MUMPS,0.5994117647058826
CALIFORNIA,1971,MUMPS,0.7156862745098039
CALIFORNIA,1972,MUMPS,0.6803999999999998
CALIFORNIA,1973,MUMPS,0.5252941176470588
CALIFORNIA,1974,MUMPS,0.23120000000000007
CALIFORNIA,1975,MUMPS,0.3269230769230769
CALIFORNIA,1976,MUMPS,0.15192307692307686
CALIFORNIA,1977,MUMPS,0.0736
CALIFORNIA,1978,MUMPS,0.04307692307692309
CALIFORNIA,1979,MUMPS,0.03711538461538463
CALIFORNIA,1980,MUMPS,0.032352941176470605
CALIFORNIA,1981,MUMPS,0.03265306122448981
CALIFORNIA,1982,MUMPS,0.031176470588235312
CALIFORNIA,1983,MUMPS,0.024000000000000007
CALIFORNIA,1984,MUMPS,0.027058823529411774
CALIFORNIA,1985,MUMPS,0.02653846153846155
CALIFORNIA,1986,MUMPS,0.021372549019607855
CALIFORNIA,1987,MUMPS,0.024200000000000013
CALIFORNIA,1988,MUMPS,0.02882352941176472
CALIFORNIA,1989,MUMPS,0.023333333333333345
CALIFORNIA,1990,MUMPS,0.03260000000000002
CALIFORNIA,1991,MUMPS,0.026734693877551036
CALIFORNIA,1992,MUMPS,0.014285714285714292
CALIFORNIA,1993,MUMPS,0.010800000000000006
CALIFORNIA,1994,MUMPS,0.00918367346938776
CALIFORNIA,1995,MUMPS,0.01333333333333334
CALIFORNIA,1996,MUMPS,0.006458333333333336
CALIFORNIA,1997,MUMPS,0.006530612244897961
CALIFORNIA,1998,MUMPS,0.003478260869565218
CALIFORNIA,1999,MUMPS,0.002448979591836734
CALIFORNIA,2000,MUMPS,0.0032
CALIFORNIA,2001,MUMPS,0.0016326530612244899
CALIFORNIA,2002,MUMPS,0.0034693877551020416
COLORADO,1968,MUMPS,2.7612499999999986
COLORADO,1969,MUMPS,0.8258333333333333
COLORADO,1970,MUMPS,1.3064705882352938
COLORADO,1971,MUMPS,1.2866666666666662
COLORADO,1972,MUMPS,0.6609999999999998
COLORADO,1973,MUMPS,0.46588235294117636
COLORADO,1974,MUMPS,0.45900000000000013
COLORADO,1975,MUMPS,0.49288461538461514
COLORADO,1976,MUMPS,0.20470588235294124
COLORADO,1977,MUMPS,0.21823529411764694
COLORADO,1978,MUMPS,0.12294117647058826
COLORADO,1979,MUMPS,0.08019999999999997
COLORADO,1980,MUMPS,0.04176470588235295
COLORADO,1981,MUMPS,0.030851063829787247
COLORADO,1982,MUMPS,0.013333333333333336
COLORADO,1983,MUMPS,0.031458333333333345
COLORADO,1984,MUMPS,0.020217391304347833
COLORADO,1985,MUMPS,0.015600000000000004
COLORADO,1986,MUMPS,0.011250000000000003
COLORADO,1987,MUMPS,0.0207843137254902
COLORADO,1988,MUMPS,0.021428571428571436
COLORADO,1989,MUMPS,0.03900000000000001
COLORADO,1990,MUMPS,0.018260869565217396
COLORADO,1991,MUMPS,0.08893617021276597
COLORADO,1992,MUMPS,0.020222222222222228
COLORADO,1993,MUMPS,0.008444444444444445
COLORADO,1994,MUMPS,0.0029032258064516127
COLORADO,1995,MUMPS,0.0014285714285714286
COLORADO,1996,MUMPS,0.0025714285714285713
COLORADO,1997,MUMPS,0.0012244897959183673
COLORADO,1998,MUMPS,0.0054285714285714284
COLORADO,1999,MUMPS,0.002127659574468085
COLORADO,2000,MUMPS,0.0015
COLORADO,2001,MUMPS,0.002195121951219512
COLORADO,2002,MUMPS,0.00125
CONNECTICUT,1968,MUMPS,2.5874000000000006
CONNECTICUT,1969,MUMPS,2.6050980392156866
CONNECTICUT,1970,MUMPS,2.3370588235294116
CONNECTICUT,1971,MUMPS,1.0115686274509808
CONNECTICUT,1972,MUMPS,0.7296000000000002
CONNECTICUT,1973,MUMPS,1.01
CONNECTICUT,1974,MUMPS,1.0868000000000002
CONNECTICUT,1975,MUMPS,0.5059615384615385
CONNECTICUT,1976,MUMPS,0.4640384615384615
CONNECTICUT,1977,MUMPS,0.2303921568627452
CONNECTICUT,1978,MUMPS,0.08557692307692306
CONNECTICUT,1979,MUMPS,0.12596153846153846
CONNECTICUT,1980,MUMPS,0.06469387755102037
CONNECTICUT,1981,MUMPS,0.03361702127659576
CONNECTICUT,1982,MUMPS,0.015600000000000008
CONNECTICUT,1983,MUMPS,0.014042553191489367
CONNECTICUT,1984,MUMPS,0.006666666666666668
CONNECTICUT,1985,MUMPS,0.004897959183673469
CONNECTICUT,1986,MUMPS,0.01634146341463415
CONNECTICUT,1987,MUMPS,0.01
CONNECTICUT,1988,MUMPS,0.0
CONNECTICUT,1989,MUMPS,0.008666666666666666
CONNECTICUT,1990,MUMPS,0.010285714285714285
CONNECTICUT,1991,MUMPS,0.008372093023255813
CONNECTICUT,1992,MUMPS,0.007
CONNECTICUT,1993,MUMPS,0.004054054054054054
CONNECTICUT,1994,MUMPS,0.00818181818181818
CONNECTICUT,1995,MUMPS,0.0014285714285714286
CONNECTICUT,1997,MUMPS,0.0
CONNECTICUT,1998,MUMPS,0.004285714285714286
CONNECTICUT,2000,MUMPS,0.002195121951219512
CONNECTICUT,2002,MUMPS,0.0
DELAWARE,1968,MUMPS,1.229347826086956
DELAWARE,1969,MUMPS,0.6202564102564103
DELAWARE,1970,MUMPS,1.2711764705882358
DELAWARE,1971,MUMPS,0.6414000000000003
DELAWARE,1972,MUMPS,0.6255102040816326
DELAWARE,1973,MUMPS,0.960784313725491
DELAWARE,1974,MUMPS,0.646122448979592
DELAWARE,1975,MUMPS,0.04666666666666666
DELAWARE,1976,MUMPS,0.28980769230769227
DELAWARE,1977,MUMPS,0.47529411764705914
DELAWARE,1978,MUMPS,0.18899999999999997
DELAWARE,1979,MUMPS,0.3080769230769231
DELAWARE,1980,MUMPS,0.13274509803921566
DELAWARE,1981,MUMPS,0.03282608695652174
DELAWARE,1982,MUMPS,0.051428571428571435
DELAWARE,1983,MUMPS,0.02425
DELAWARE,1984,MUMPS,0.009411764705882352
DELAWARE,1985,MUMPS,0.0
DELAWARE,1986,MUMPS,0.0
DELAWARE,1988,MUMPS,0.02142857142857143
DELAWARE,1989,MUMPS,0.01
DELAWARE,1990,MUMPS,0.025
DELAWARE,1991,MUMPS,0.027368421052631573
DELAWARE,1992,MUMPS,0.03
DELAWARE,1993,MUMPS,0.023902439024390248
DISTRICT OF COLUMBIA,1968,MUMPS,0.9206060606060604
DISTRICT OF COLUMBIA,1969,MUMPS,0.5020833333333334
DISTRICT OF COLUMBIA,1970,MUMPS,0.5694117647058821
DISTRICT OF COLUMBIA,1971,MUMPS,0.2572549019607845
DISTRICT OF COLUMBIA,1972,MUMPS,0.08734693877551022
DISTRICT OF COLUMBIA,1973,MUMPS,0.44420000000000004
DISTRICT OF COLUMBIA,1974,MUMPS,0.1464583333333333
DISTRICT OF COLUMBIA,1975,MUMPS,0.444
DISTRICT OF COLUMBIA,1976,MUMPS,0.313529411764706
DISTRICT OF COLUMBIA,1977,MUMPS,0.018000000000000002
DISTRICT OF COLUMBIA,1978,MUMPS,0.00909090909090909
DISTRICT OF COLUMBIA,1979,MUMPS,0.0035555555555555557
DISTRICT OF COLUMBIA,1980,MUMPS,0.017777777777777778
DISTRICT OF COLUMBIA,1981,MUMPS,0.055217391304347815
DISTRICT OF COLUMBIA,1984,MUMPS,0.16
DISTRICT OF COLUMBIA,1986,MUMPS,0.04
DISTRICT OF COLUMBIA,1987,MUMPS,0.0064
DISTRICT OF COLUMBIA,1988,MUMPS,0.9804166666666663
DISTRICT OF COLUMBIA,1989,MUMPS,0.3993877551020408
DISTRICT OF COLUMBIA,1990,MUMPS,0.121875
DISTRICT OF COLUMBIA,1991,MUMPS,0.08354166666666667
DISTRICT OF COLUMBIA,1992,MUMPS,0.027619047619047623
DISTRICT OF COLUMBIA,1993,MUMPS,0.010625
DISTRICT OF COLUMBIA,1996,MUMPS,0.0
DISTRICT OF COLUMBIA,1999,MUMPS,0.00818181818181818
FLORIDA,1968,MUMPS,0.6815686274509802
FLORIDA,1969,MUMPS,0.49699999999999994
FLORIDA,1970,MUMPS,0.7966666666666669
FLORIDA,1971,MUMPS,0.7527450980392159
FLORIDA,1972,MUMPS,0.3677551020408163
FLORIDA,1973,MUMPS,0.6147058823529412
FLORIDA,1974,MUMPS,0.4323999999999999
FLORIDA,1975,MUMPS,0.21411764705882363
FLORIDA,1976,MUMPS,0.07923076923076919
FLORIDA,1977,MUMPS,0.05647058823529408
FLORIDA,1978,MUMPS,0.06274509803921571
FLORIDA,1979,MUMPS,0.02980392156862746
FLORIDA,1980,MUMPS,0.03640000000000001
FLORIDA,1981,MUMPS,0.02804347826086958
FLORIDA,1982,MUMPS,0.008571428571428575
FLORIDA,1984,MUMPS,0.008260869565217394
FLORIDA,1985,MUMPS,0.011000000000000003
FLORIDA,1986,MUMPS,0.010833333333333335
FLORIDA,1987,MUMPS,0.010816326530612248
FLORIDA,1988,MUMPS,0.007500000000000002
FLORIDA,1989,MUMPS,0.008750000000000003
FLORIDA,1990,MUMPS,0.028750000000000008
FLORIDA,1991,MUMPS,0.05541666666666667
FLORIDA,1992,MUMPS,0.04041666666666668
FLORIDA,1993,MUMPS,0.007400000000000005
FLORIDA,1994,MUMPS,0.00489795918367347
FLORIDA,1995,MUMPS,0.0027083333333333334
FLORIDA,1996,MUMPS,0.005675675675675677
FLORIDA,1997,MUMPS,0.005555555555555556
FLORIDA,1998,MUMPS,0.005106382978723405
FLORIDA,1999,MUMPS,0.004200000000000001
FLORIDA,2000,MUMPS,0.0025806451612903226
FLORIDA,2001,MUMPS,0.00303030303030303
FLORIDA,2002,MUMPS,0.0013513513513513514
GEORGIA,1968,MUMPS,0.6833333333333332
GEORGIA,1969,MUMPS,0.02
GEORGIA,1970,MUMPS,0.00375
GEORGIA,1971,MUMPS,0.005227272727272727
GEORGIA,1972,MUMPS,0.013500000000000002
GEORGIA,1973,MUMPS,0.013913043478260872
GEORGIA,1974,MUMPS,0.001
GEORGIA,1975,MUMPS,0.009189189189189189
GEORGIA,1976,MUMPS,0.008571428571428572
GEORGIA,1977,MUMPS,0.014313725490196081
GEORGIA,1978,MUMPS,0.02729166666666667
GEORGIA,1979,MUMPS,0.0027659574468085106
GEORGIA,1980,MUMPS,0.008333333333333333
GEORGIA,1981,MUMPS,0.017826086956521745
GEORGIA,1982,MUMPS,0.01041666666666667
GEORGIA,1983,MUMPS,0.017083333333333336
GEORGIA,1984,MUMPS,0.007800000000000001
GEORGIA,1985,MUMPS,0.0098
GEORGIA,1986,MUMPS,0.01
GEORGIA,1987,MUMPS,0.012599999999999998
GEORGIA,1988,MUMPS,0.012448979591836738
GEORGIA,1989,MUMPS,0.03833333333333333
GEORGIA,1990,MUMPS,0.03333333333333334
GEORGIA,1991,MUMPS,0.030930232558139537
GEORGIA,1992,MUMPS,0.02820512820512821
GEORGIA,1993,MUMPS,0.008000000000000002
GEORGIA,1994,MUMPS,0.002093023255813953
GEORGIA,1995,MUMPS,0.005600000000000001
GEORGIA,1996,MUMPS,0.000625
GEORGIA,1997,MUMPS,0.0029545454545454545
GEORGIA,1998,MUMPS,0.0005882352941176471
GEORGIA,1999,MUMPS,0.0016666666666666668
GEORGIA,2000,MUMPS,0.0005714285714285715
GEORGIA,2001,MUMPS,0.0025
GEORGIA,2002,MUMPS,0.0005
HAWAII,1968,MUMPS,2.8035416666666677
HAWAII,1969,MUMPS,1.6929787234042555
HAWAII,1970,MUMPS,3.7252000000000023
HAWAII,1971,MUMPS,2.0983999999999994
HAWAII,1972,MUMPS,0.7420408163265303
HAWAII,1973,MUMPS,0.6337254901960785
HAWAII,1974,MUMPS,0.18347826086956529
HAWAII,1975,MUMPS,0.11423076923076927
HAWAII,1976,MUMPS,0.0922
HAWAII,1977,MUMPS,0.0886
HAWAII,1978,MUMPS,0.073265306122449
HAWAII,1979,MUMPS,0.24058823529411769
HAWAII,1980,MUMPS,0.04608695652173914
HAWAII,1981,MUMPS,0.055555555555555566
HAWAII,1982,MUMPS,0.047272727272727286
HAWAII,1983,MUMPS,0.038750000000000014
HAWAII,1984,MUMPS,0.04895833333333335
HAWAII,1985,MUMPS,0.036666666666666674
HAWAII,1986,MUMPS,0.04804347826086956
HAWAII,1987,MUMPS,0.028627450980392165
HAWAII,1988,MUMPS,0.0425
HAWAII,1989,MUMPS,0.033061224489795926
HAWAII,1990,MUMPS,0.047872340425531915
HAWAII,1991,MUMPS,0.05319148936170212
HAWAII,1992,MUMPS,0.050930232558139533
HAWAII,1993,MUMPS,0.05414634146341464
HAWAII,1994,MUMPS,0.03844444444444444
HAWAII,1995,MUMPS,0.023260869565217394
HAWAII,1996,MUMPS,0.04531914893617022
HAWAII,1997,MUMPS,0.024897959183673473
HAWAII,1998,MUMPS,0.030444444444444448
HAWAII,1999,MUMPS,0.01875
HAWAII,2000,MUMPS,0.02431818181818182
HAWAII,2001,MUMPS,0.0887878787878788
HAWAII,2002,MUMPS,0.023157894736842103
IDAHO,1968,MUMPS,1.3618367346938773
IDAHO,1969,MUMPS,0.7494871794871799
IDAHO,1970,MUMPS,0.2908
IDAHO,1971,MUMPS,0.46941176470588236
IDAHO,1972,MUMPS,0.6422448979591837
IDAHO,1973,MUMPS,0.3288
IDAHO,1974,MUMPS,0.41404255319148947
IDAHO,1975,MUMPS,0.18711111111111112
IDAHO,1976,MUMPS,0.9486538461538461
IDAHO,1977,MUMPS,0.27588235294117636
IDAHO,1978,MUMPS,0.1741666666666667
IDAHO,1979,MUMPS,0.026222222222222227
IDAHO,1980,MUMPS,0.03959183673469389
IDAHO,1981,MUMPS,0.01822222222222222
IDAHO,1982,MUMPS,0.00980392156862745
IDAHO,1983,MUMPS,0.01875
IDAHO,1984,MUMPS,0.019607843137254898
IDAHO,1985,MUMPS,0.019999999999999997
IDAHO,1986,MUMPS,0.025581395348837212
IDAHO,1987,MUMPS,0.015909090909090907
IDAHO,1988,MUMPS,0.024390243902439025
IDAHO,1989,MUMPS,0.07235294117647059
IDAHO,1990,MUMPS,0.16217391304347822
IDAHO,1991,MUMPS,0.027857142857142855
IDAHO,1992,MUMPS,0.010465116279069766
IDAHO,1993,MUMPS,0.009574468085106383
IDAHO,1994,MUMPS,0.023260869565217387
IDAHO,1995,MUMPS,0.012894736842105264
IDAHO,1997,MUMPS,0.009302325581395349
IDAHO,1998,MUMPS,0.01647058823529412
IDAHO,1999,MUMPS,0.008
IDAHO,2000,MUMPS,0.016
IDAHO,2001,MUMPS,0.010909090909090908
IDAHO,2002,MUMPS,0.0035000000000000005
ILLINOIS,1968,MUMPS,0.9396000000000002
ILLINOIS,1969,MUMPS,0.5391666666666665
ILLINOIS,1970,MUMPS,0.3890196078431374
ILLINOIS,1971,MUMPS,0.9054901960784315
ILLINOIS,1972,MUMPS,0.5798000000000001
ILLINOIS,1973,MUMPS,0.4974509803921569
ILLINOIS,1974,MUMPS,0.28519999999999995
ILLINOIS,1975,MUMPS,0.49352941176470594
ILLINOIS,1976,MUMPS,0.3315384615384615
ILLINOIS,1977,MUMPS,0.2394117647058823
ILLINOIS,1978,MUMPS,0.32153846153846144
ILLINOIS,1979,MUMPS,0.1698076923076923
ILLINOIS,1980,MUMPS,0.07079999999999992
ILLINOIS,1981,MUMPS,0.039183673469387774
ILLINOIS,1982,MUMPS,0.03686274509803923
ILLINOIS,1983,MUMPS,0.029000000000000012
ILLINOIS,1984,MUMPS,0.0351923076923077
ILLINOIS,1985,MUMPS,0.037115384615384626
ILLINOIS,1986,MUMPS,0.44400000000000006
ILLINOIS,1987,MUMPS,0.4398076923076921
ILLINOIS,1988,MUMPS,0.04510204081632655
ILLINOIS,1989,MUMPS,0.035319148936170226
ILLINOIS,1990,MUMPS,0.030888888888888896
ILLINOIS,1991,MUMPS,0.023720930232558144
ILLINOIS,1992,MUMPS,0.01738095238095239
ILLINOIS,1993,MUMPS,0.011860465116279076
ILLINOIS,1994,MUMPS,0.019166666666666676
ILLINOIS,1995,MUMPS,0.010500000000000002
ILLINOIS,1996,MUMPS,0.0035897435897435893
ILLINOIS,1997,MUMPS,0.0027659574468085106
ILLINOIS,1998,MUMPS,0.002121212121212121
ILLINOIS,1999,MUMPS,0.002058823529411765
ILLINOIS,2000,MUMPS,0.0011363636363636365
ILLINOIS,2001,MUMPS,0.002325581395348837
ILLINOIS,2002,MUMPS,0.00275
INDIANA,1968,MUMPS,1.6712244897959179
INDIANA,1969,MUMPS,1.0678431372549018
INDIANA,1970,MUMPS,0.9062745098039214
INDIANA,1971,MUMPS,1.9143137254901963
INDIANA,1972,MUMPS,0.4462
INDIANA,1973,MUMPS,0.6513725490196078
INDIANA,1974,MUMPS,0.5148979591836734
INDIANA,1975,MUMPS,0.8344230769230769
INDIANA,1976,MUMPS,0.5524999999999999
INDIANA,1977,MUMPS,0.13098039215686272
INDIANA,1978,MUMPS,0.10916666666666669
INDIANA,1979,MUMPS,0.10596153846153844
INDIANA,1980,MUMPS,0.05392156862745098
INDIANA,1981,MUMPS,0.0470212765957447
INDIANA,1982,MUMPS,0.01941176470588236
INDIANA,1983,MUMPS,0.02125000000000001
INDIANA,1984,MUMPS,0.027551020408163273
INDIANA,1985,MUMPS,0.014117647058823528
INDIANA,1986,MUMPS,0.036086956521739134
INDIANA,1987,MUMPS,0.3330612244897959
INDIANA,1988,MUMPS,0.029019607843137264
INDIANA,1989,MUMPS,0.019375000000000003
INDIANA,1990,MUMPS,0.01
INDIANA,1991,MUMPS,0.005
INDIANA,1992,MUMPS,0.004999999999999999
INDIANA,1993,MUMPS,0.00411764705882353
INDIANA,1994,MUMPS,0.0029787234042553193
INDIANA,1995,MUMPS,0.003902439024390244
INDIANA,1996,MUMPS,0.0037777777777777775
INDIANA,1997,MUMPS,0.00574468085106383
INDIANA,1998,MUMPS,0.003823529411764706
INDIANA,1999,MUMPS,0.002
INDIANA,2000,MUMPS,0.0011764705882352942
INDIANA,2001,MUMPS,0.0011764705882352942
INDIANA,2002,MUMPS,0.0006896551724137932
IOWA,1968,MUMPS,8.68428571428571
IOWA,1969,MUMPS,3.0260784313725475
IOWA,1970,MUMPS,2.2825490196078433
IOWA,1971,MUMPS,3.859999999999999
IOWA,1972,MUMPS,4.584599999999998
IOWA,1973,MUMPS,2.6732
IOWA,1974,MUMPS,1.3612
IOWA,1975,MUMPS,1.0103846153846154
IOWA,1976,MUMPS,1.0494230769230772
IOWA,1977,MUMPS,0.836666666666667
IOWA,1978,MUMPS,0.1259183673469388
IOWA,1979,MUMPS,0.16115384615384615
IOWA,1980,MUMPS,0.04120000000000002
IOWA,1981,MUMPS,0.06425531914893617
IOWA,1982,MUMPS,0.04313725490196078
IOWA,1983,MUMPS,0.02938775510204083
IOWA,1984,MUMPS,0.01920000000000001
IOWA,1985,MUMPS,0.014800000000000004
IOWA,1986,MUMPS,0.05600000000000001
IOWA,1987,MUMPS,0.32538461538461527
IOWA,1988,MUMPS,0.02960000000000001
IOWA,1989,MUMPS,0.03843137254901963
IOWA,1990,MUMPS,0.01893617021276596
IOWA,1991,MUMPS,0.01895833333333334
IOWA,1992,MUMPS,0.01288888888888889
IOWA,1993,MUMPS,0.007291666666666666
IOWA,1994,MUMPS,0.012340425531914893
IOWA,1995,MUMPS,0.007659574468085109
IOWA,1996,MUMPS,0.00409090909090909
IOWA,1997,MUMPS,0.006808510638297874
IOWA,1998,MUMPS,0.0075000000000000015
IOWA,1999,MUMPS,0.0048
IOWA,2000,MUMPS,0.004901960784313725
IOWA,2001,MUMPS,0.0075
IOWA,2002,MUMPS,0.0
KANSAS,1968,MUMPS,1.2349999999999999
KANSAS,1969,MUMPS,0.32066666666666666
KANSAS,1970,MUMPS,0.15333333333333332
KANSAS,1971,MUMPS,0.6468085106382979
KANSAS,1972,MUMPS,0.6772916666666665
KANSAS,1973,MUMPS,0.845
KANSAS,1974,MUMPS,0.7559574468085106
KANSAS,1975,MUMPS,0.9332000000000003
KANSAS,1976,MUMPS,0.9998039215686275
KANSAS,1977,MUMPS,1.1131372549019602
KANSAS,1978,MUMPS,0.5241176470588234
KANSAS,1979,MUMPS,0.21647058823529405
KANSAS,1980,MUMPS,0.10897959183673471
KANSAS,1981,MUMPS,0.12934782608695652
KANSAS,1982,MUMPS,0.09153846153846155
KANSAS,1983,MUMPS,0.06100000000000001
KANSAS,1984,MUMPS,0.048627450980392166
KANSAS,1985,MUMPS,0.036000000000000004
KANSAS,1986,MUMPS,0.04720000000000001
KANSAS,1987,MUMPS,0.04980000000000001
KANSAS,1988,MUMPS,0.16880000000000003
KANSAS,1989,MUMPS,0.2478431372549019
KANSAS,1990,MUMPS,0.08282608695652177
KANSAS,1991,MUMPS,0.0328888888888889
KANSAS,1992,MUMPS,0.003076923076923077
KANSAS,1993,MUMPS,0.0023529411764705885
KANSAS,1995,MUMPS,0.0
KANSAS,1996,MUMPS,0.0034782608695652175
KANSAS,1998,MUMPS,0.0
KANSAS,1999,MUMPS,0.0016
KANSAS,2000,MUMPS,0.003902439024390244
KANSAS,2001,MUMPS,0.011794871794871792
KANSAS,2002,MUMPS,0.006666666666666667
KENTUCKY,1968,MUMPS,1.7133999999999998
KENTUCKY,1969,MUMPS,0.8335294117647061
KENTUCKY,1970,MUMPS,1.3098039215686277
KENTUCKY,1971,MUMPS,1.3605882352941174
KENTUCKY,1972,MUMPS,0.3308163265306122
KENTUCKY,1973,MUMPS,1.007450980392157
KENTUCKY,1974,MUMPS,1.8183999999999998
KENTUCKY,1975,MUMPS,1.026346153846154
KENTUCKY,1976,MUMPS,0.5330769230769232
KENTUCKY,1977,MUMPS,0.06803921568627448
KENTUCKY,1978,MUMPS,0.15
KENTUCKY,1979,MUMPS,0.7234615384615386
KENTUCKY,1980,MUMPS,0.40862745098039216
KENTUCKY,1981,MUMPS,0.0282608695652174
KENTUCKY,1982,MUMPS,0.012156862745098043
KENTUCKY,1983,MUMPS,0.012340425531914893
KENTUCKY,1984,MUMPS,0.0059615384615384626
KENTUCKY,1985,MUMPS,0.005116279069767442
KENTUCKY,1986,MUMPS,0.0032653061224489797
KENTUCKY,1987,MUMPS,0.14490196078431372
KENTUCKY,1988,MUMPS,0.11660000000000002
KENTUCKY,1989,MUMPS,0.005625000000000001
KENTUCKY,1994,MUMPS,0.015
KENTUCKY,1997,MUMPS,0.002285714285714286
KENTUCKY,1998,MUMPS,0.0
KENTUCKY,2000,MUMPS,0.0
KENTUCKY,2001,MUMPS,0.002058823529411765
KENTUCKY,2002,MUMPS,0.001707317073170732
LOUISIANA,1968,MUMPS,0.0753846153846154
LOUISIANA,1969,MUMPS,0.07700000000000001
LOUISIANA,1970,MUMPS,0.02744680851063831
LOUISIANA,1971,MUMPS,0.08936170212765954
LOUISIANA,1972,MUMPS,0.18979166666666666
LOUISIANA,1973,MUMPS,0.0725
LOUISIANA,1974,MUMPS,0.17583333333333329
LOUISIANA,1975,MUMPS,0.18326530612244898
LOUISIANA,1976,MUMPS,0.017916666666666674
LOUISIANA,1977,MUMPS,0.028367346938775514
LOUISIANA,1978,MUMPS,0.03425531914893618
LOUISIANA,1979,MUMPS,0.018775510204081636
LOUISIANA,1980,MUMPS,0.033404255319148944
LOUISIANA,1981,MUMPS,0.0030952380952380953
LOUISIANA,1982,MUMPS,0.0035000000000000005
LOUISIANA,1983,MUMPS,0.06
LOUISIANA,1985,MUMPS,0.0013157894736842105
LOUISIANA,1986,MUMPS,0.0036666666666666666
LOUISIANA,1987,MUMPS,0.35148936170212763
LOUISIANA,1988,MUMPS,0.15923076923076923
LOUISIANA,1989,MUMPS,0.35279999999999995
LOUISIANA,1990,MUMPS,0.058749999999999976
LOUISIANA,1991,MUMPS,0.017391304347826094
LOUISIANA,1992,MUMPS,0.014761904761904764
LOUISIANA,1993,MUMPS,0.00977777777777778
LOUISIANA,1994,MUMPS,0.01638297872340426
LOUISIANA,1995,MUMPS,0.006222222222222223
LOUISIANA,1996,MUMPS,0.0078000000000000005
LOUISIANA,1997,MUMPS,0.008571428571428572
LOUISIANA,1998,MUMPS,0.006060606060606061
LOUISIANA,1999,MUMPS,0.006486486486486486
LOUISIANA,2000,MUMPS,0.0005882352941176471
LOUISIANA,2001,MUMPS,0.000975609756097561
LOUISIANA,2002,MUMPS,0.0
MAINE,1968,MUMPS,1.8677551020408159
MAINE,1969,MUMPS,2.297142857142857
MAINE,1970,MUMPS,1.7458823529411762
MAINE,1971,MUMPS,1.9746000000000001
MAINE,1972,MUMPS,0.4032653061224492
MAINE,1973,MUMPS,0.37479999999999997
MAINE,1974,MUMPS,1.0925000000000002
MAINE,1975,MUMPS,0.15229166666666663
MAINE,1976,MUMPS,0.22490196078431368
MAINE,1977,MUMPS,0.15244897959183676
MAINE,1978,MUMPS,1.0055769230769234
MAINE,1979,MUMPS,0.4659615384615383
MAINE,1980,MUMPS,0.569607843137255
MAINE,1981,MUMPS,0.08499999999999998
MAINE,1982,MUMPS,0.07230769230769227
MAINE,1983,MUMPS,0.038750000000000014
MAINE,1984,MUMPS,0.049999999999999996
MAINE,1985,MUMPS,0.021632653061224492
MAINE,1987,MUMPS,0.007272727272727273
MAINE,1994,MUMPS,0.005217391304347826
MAINE,1995,MUMPS,0.0037209302325581397
MAINE,2002,MUMPS,0.0
MARYLAND,1968,MUMPS,0.5658823529411766
MARYLAND,1969,MUMPS,0.29800000000000015
MARYLAND,1970,MUMPS,0.5554901960784315
MARYLAND,1971,MUMPS,0.36568627450980395
MARYLAND,1972,MUMPS,0.22879999999999995
MARYLAND,1973,MUMPS,0.33098039215686287
MARYLAND,1974,MUMPS,0.0698
MARYLAND,1975,MUMPS,0.21634615384615385
MARYLAND,1976,MUMPS,0.3334615384615386
MARYLAND,1977,MUMPS,0.044509803921568634
MARYLAND,1978,MUMPS,0.03843137254901963
MARYLAND,1979,MUMPS,0.09795918367346937
MARYLAND,1980,MUMPS,0.16734693877551016
MARYLAND,1981,MUMPS,0.050851063829787234
MARYLAND,1982,MUMPS,0.01490196078431373
MARYLAND,1983,MUMPS,0.02239130434782609
MARYLAND,1984,MUMPS,0.019038461538461542
MARYLAND,1985,MUMPS,0.016595744680851066
MARYLAND,1986,MUMPS,0.01282608695652174
MARYLAND,1987,MUMPS,0.013137254901960787
MARYLAND,1988,MUMPS,0.0797872340425532
MARYLAND,1989,MUMPS,0.23901960784313725
MARYLAND,1990,MUMPS,0.44999999999999984
MARYLAND,1991,MUMPS,0.09439999999999996
MARYLAND,1992,MUMPS,0.03217391304347827
MARYLAND,1993,MUMPS,0.03148936170212767
MARYLAND,1994,MUMPS,0.02565217391304348
MARYLAND,1995,MUMPS,0.0
MARYLAND,1996,MUMPS,0.012173913043478264
MARYLAND,1997,MUMPS,0.005116279069767442
MARYLAND,1998,MUMPS,0.0033333333333333335
MARYLAND,1999,MUMPS,0.0035555555555555557
MARYLAND,2000,MUMPS,0.003913043478260869
MARYLAND,2001,MUMPS,0.003404255319148936
MARYLAND,2002,MUMPS,0.002272727272727273
MASSACHUSETTS,1968,MUMPS,2.9799999999999995
MASSACHUSETTS,1969,MUMPS,1.5043137254901964
MASSACHUSETTS,1970,MUMPS,1.1586274509803918
MASSACHUSETTS,1971,MUMPS,0.6123529411764709
MASSACHUSETTS,1972,MUMPS,0.28367346938775506
MASSACHUSETTS,1973,MUMPS,0.44549019607843143
MASSACHUSETTS,1974,MUMPS,0.39280000000000015
MASSACHUSETTS,1975,MUMPS,0.10346153846153841
MASSACHUSETTS,1976,MUMPS,0.06153846153846149
MASSACHUSETTS,1977,MUMPS,0.04686274509803922
MASSACHUSETTS,1978,MUMPS,0.03645833333333335
MASSACHUSETTS,1979,MUMPS,0.06980000000000001
MASSACHUSETTS,1980,MUMPS,0.044897959183673466
MASSACHUSETTS,1981,MUMPS,0.042340425531914895
MASSACHUSETTS,1982,MUMPS,0.038260869565217404
MASSACHUSETTS,1983,MUMPS,0.015416666666666676
MASSACHUSETTS,1984,MUMPS,0.013191489361702134
MASSACHUSETTS,1985,MUMPS,0.009183673469387758
MASSACHUSETTS,1986,MUMPS,0.00641025641025641
MASSACHUSETTS,1987,MUMPS,0.009302325581395349
MASSACHUSETTS,1988,MUMPS,0.006458333333333333
MASSACHUSETTS,1989,MUMPS,0.021521739130434786
MASSACHUSETTS,1990,MUMPS,0.0051111111111111105
MASSACHUSETTS,1991,MUMPS,0.002857142857142857
MASSACHUSETTS,1992,MUMPS,0.0018181818181818182
MASSACHUSETTS,1993,MUMPS,0.0012121212121212121
MASSACHUSETTS,1994,MUMPS,0.002857142857142857
MASSACHUSETTS,1995,MUMPS,0.0006666666666666666
MASSACHUSETTS,1996,MUMPS,0.00125
MASSACHUSETTS,1997,MUMPS,0.0013157894736842105
MASSACHUSETTS,1998,MUMPS,0.0020833333333333333
MASSACHUSETTS,1999,MUMPS,0.0010344827586206897
MASSACHUSETTS,2000,MUMPS,0.0
MASSACHUSETTS,2002,MUMPS,0.001081081081081081
MICHIGAN,1968,MUMPS,3.2272549019607837
MICHIGAN,1969,MUMPS,1.121372549019608
MICHIGAN,1970,MUMPS,1.6762745098039222
MICHIGAN,1971,MUMPS,2.2111764705882355
MICHIGAN,1972,MUMPS,0.7922
MICHIGAN,1973,MUMPS,1.0813725490196078
MICHIGAN,1974,MUMPS,1.5373999999999999
MICHIGAN,1975,MUMPS,2.0788461538461536
MICHIGAN,1976,MUMPS,1.1551923076923072
MICHIGAN,1977,MUMPS,0.49000000000000005
MICHIGAN,1978,MUMPS,0.33769230769230774
MICHIGAN,1979,MUMPS,0.22288461538461538
MICHIGAN,1980,MUMPS,0.21176470588235288
MICHIGAN,1981,MUMPS,0.08755102040816325
MICHIGAN,1982,MUMPS,0.08576923076923075
MICHIGAN,1983,MUMPS,0.10959999999999993
MICHIGAN,1984,MUMPS,0.04326923076923079
MICHIGAN,1985,MUMPS,0.07239999999999995
MICHIGAN,1986,MUMPS,0.0978
MICHIGAN,1987,MUMPS,0.23461538461538467
MICHIGAN,1988,MUMPS,0.046730769230769215
MICHIGAN,1989,MUMPS,0.0327450980392157
MICHIGAN,1990,MUMPS,0.03280000000000002
MICHIGAN,1991,MUMPS,0.020000000000000007
MICHIGAN,1992,MUMPS,0.01695652173913044
MICHIGAN,1993,MUMPS,0.015102040816326535
MICHIGAN,1994,MUMPS,0.011224489795918374
MICHIGAN,1995,MUMPS,0.012040816326530618
MICHIGAN,1996,MUMPS,0.006862745098039217
MICHIGAN,1997,MUMPS,0.004130434782608696
MICHIGAN,1998,MUMPS,0.006666666666666669
MICHIGAN,1999,MUMPS,0.0015909090909090907
MICHIGAN,2000,MUMPS,0.003260869565217392
MICHIGAN,2001,MUMPS,0.0023529411764705885
MICHIGAN,2002,MUMPS,0.0030555555555555553
MINNESOTA,1968,MUMPS,0.42818181818181833
MINNESOTA,1969,MUMPS,0.5274285714285714
MINNESOTA,1970,MUMPS,0.2786
MINNESOTA,1971,MUMPS,0.7082352941176473
MINNESOTA,1972,MUMPS,0.3424489795918366
MINNESOTA,1973,MUMPS,0.055714285714285695
MINNESOTA,1974,MUMPS,0.057555555555555575
MINNESOTA,1975,MUMPS,0.12469387755102042
MINNESOTA,1976,MUMPS,0.2669230769230768
MINNESOTA,1977,MUMPS,0.019361702127659575
MINNESOTA,1978,MUMPS,0.00979591836734694
MINNESOTA,1979,MUMPS,0.012765957446808512
MINNESOTA,1980,MUMPS,0.014468085106382983
MINNESOTA,1981,MUMPS,0.0057894736842105275
MINNESOTA,1982,MUMPS,0.24260869565217402
MINNESOTA,1983,MUMPS,0.014375000000000004
MINNESOTA,1984,MUMPS,0.005434782608695652
MINNESOTA,1985,MUMPS,0.0005128205128205128
MINNESOTA,1986,MUMPS,0.013414634146341461
MINNESOTA,1987,MUMPS,0.3688000000000002
MINNESOTA,1988,MUMPS,0.02
MINNESOTA,1989,MUMPS,0.0007692307692307692
MINNESOTA,1990,MUMPS,0.0195
MINNESOTA,1991,MUMPS,0.009787234042553194
MINNESOTA,1992,MUMPS,0.010250000000000002
MINNESOTA,1993,MUMPS,0.0016
MINNESOTA,1994,MUMPS,0.003142857142857143
MINNESOTA,1995,MUMPS,0.003076923076923077
MINNESOTA,1996,MUMPS,0.0035294117647058825
MINNESOTA,1997,MUMPS,0.002666666666666667
MINNESOTA,1998,MUMPS,0.006829268292682926
MINNESOTA,1999,MUMPS,0.0006060606060606061
MINNESOTA,2001,MUMPS,0.002857142857142857
MINNESOTA,2002,MUMPS,0.00125
MISSISSIPPI,1968,MUMPS,0.3985714285714286
MISSISSIPPI,1969,MUMPS,0.10304347826086953
MISSISSIPPI,1970,MUMPS,0.06489795918367348
MISSISSIPPI,1971,MUMPS,0.14059999999999997
MISSISSIPPI,1972,MUMPS,0.11204081632653058
MISSISSIPPI,1973,MUMPS,0.4085999999999998
MISSISSIPPI,1974,MUMPS,0.33579999999999993
MISSISSIPPI,1975,MUMPS,0.3001960784313724
MISSISSIPPI,1976,MUMPS,0.0476923076923077
MISSISSIPPI,1977,MUMPS,0.03534883720930233
MISSISSIPPI,1978,MUMPS,0.07956521739130439
MISSISSIPPI,1979,MUMPS,0.09557692307692309
MISSISSIPPI,1980,MUMPS,0.05098039215686276
MISSISSIPPI,1981,MUMPS,0.005853658536585367
MISSISSIPPI,1982,MUMPS,0.008163265306122448
MISSISSIPPI,1983,MUMPS,0.004
MISSISSIPPI,1984,MUMPS,0.01729166666666667
MISSISSIPPI,1985,MUMPS,0.004347826086956522
MISSISSIPPI,1986,MUMPS,0.0
MISSISSIPPI,1990,MUMPS,0.009600000000000001
MISSISSIPPI,1991,MUMPS,0.01431818181818182
MISSISSIPPI,1992,MUMPS,0.03052631578947369
MISSISSIPPI,1993,MUMPS,0.011578947368421055
MISSISSIPPI,1994,MUMPS,0.005957446808510639
MISSISSIPPI,1995,MUMPS,0.011489361702127658
MISSISSIPPI,1996,MUMPS,0.013023255813953489
MISSISSIPPI,1997,MUMPS,0.0062
MISSISSIPPI,1998,MUMPS,0.0044444444444444444
MISSISSIPPI,1999,MUMPS,0.005000000000000001
MISSISSIPPI,2000,MUMPS,0.0011764705882352942
MISSISSIPPI,2001,MUMPS,0.004074074074074075
MISSISSIPPI,2002,MUMPS,0.0029545454545454545
MISSOURI,1968,MUMPS,0.42755555555555536
MISSOURI,1969,MUMPS,0.20466666666666652
MISSOURI,1970,MUMPS,0.12960784313725487
MISSOURI,1971,MUMPS,0.34448979591836726
MISSOURI,1972,MUMPS,0.3041666666666667
MISSOURI,1973,MUMPS,0.32163265306122446
MISSOURI,1974,MUMPS,0.18719999999999995
MISSOURI,1975,MUMPS,0.21745098039215666
MISSOURI,1976,MUMPS,0.16596153846153838
MISSOURI,1977,MUMPS,0.6184313725490194
MISSOURI,1978,MUMPS,0.24627450980392132
MISSOURI,1979,MUMPS,0.07156862745098042
MISSOURI,1980,MUMPS,0.03918367346938776
MISSOURI,1981,MUMPS,0.019512195121951223
MISSOURI,1982,MUMPS,0.009019607843137259
MISSOURI,1983,MUMPS,0.010222222222222225
MISSOURI,1984,MUMPS,0.004705882352941176
MISSOURI,1985,MUMPS,0.007346938775510204
MISSOURI,1986,MUMPS,0.011020408163265306
MISSOURI,1987,MUMPS,0.01490196078431373
MISSOURI,1988,MUMPS,0.016470588235294122
MISSOURI,1989,MUMPS,0.02918367346938777
MISSOURI,1990,MUMPS,0.022093023255813964
MISSOURI,1991,MUMPS,0.014545454545454549
MISSOURI,1992,MUMPS,0.017750000000000005
MISSOURI,1993,MUMPS,0.013333333333333336
MISSOURI,1994,MUMPS,0.015319148936170219
MISSOURI,1995,MUMPS,0.009387755102040818
MISSOURI,1996,MUMPS,0.005333333333333333
MISSOURI,1998,MUMPS,0.002105263157894737
MISSOURI,1999,MUMPS,0.0005555555555555556
MISSOURI,2000,MUMPS,0.002173913043478261
MISSOURI,2001,MUMPS,0.01
MISSOURI,2002,MUMPS,0.0015384615384615385
MONTANA,1968,MUMPS,1.7922000000000002
MONTANA,1969,MUMPS,2.1638000000000006
MONTANA,1970,MUMPS,2.2250980392156867
MONTANA,1971,MUMPS,1.0394117647058827
MONTANA,1972,MUMPS,0.6972916666666668
MONTANA,1973,MUMPS,0.8558
MONTANA,1974,MUMPS,0.4983673469387754
MONTANA,1975,MUMPS,0.12565217391304345
MONTANA,1976,MUMPS,0.06882352941176469
MONTANA,1977,MUMPS,0.04425531914893615
MONTANA,1978,MUMPS,0.4080851063829786
MONTANA,1979,MUMPS,0.036
MONTANA,1980,MUMPS,0.12901960784313724
MONTANA,1981,MUMPS,0.04621621621621623
MONTANA,1982,MUMPS,0.02270833333333333
MONTANA,1983,MUMPS,0.021538461538461538
MONTANA,1984,MUMPS,0.026400000000000007
MONTANA,1985,MUMPS,0.029591836734693882
MONTANA,1986,MUMPS,0.015652173913043476
MONTANA,1987,MUMPS,0.03393939393939394
MONTANA,1988,MUMPS,0.006944444444444444
MONTANA,1989,MUMPS,0.011590909090909091
MONTANA,1990,MUMPS,0.005714285714285714
MONTANA,1992,MUMPS,0.007741935483870968
MONTANA,1995,MUMPS,0.0
MONTANA,2000,MUMPS,0.002682926829268293
MONTANA,2001,MUMPS,0.005789473684210527
NEBRASKA,1968,MUMPS,1.0140000000000002
NEBRASKA,1969,MUMPS,0.4599999999999999
NEBRASKA,1970,MUMPS,0.5203921568627449
NEBRASKA,1971,MUMPS,0.3086274509803922
NEBRASKA,1972,MUMPS,0.3569387755102042
NEBRASKA,1973,MUMPS,0.23411764705882362
NEBRASKA,1974,MUMPS,0.11919999999999994
NEBRASKA,1975,MUMPS,0.11431372549019608
NEBRASKA,1976,MUMPS,0.1417307692307692
NEBRASKA,1977,MUMPS,0.1191836734693877
NEBRASKA,1978,MUMPS,0.0372340425531915
NEBRASKA,1979,MUMPS,0.008571428571428572
NEBRASKA,1980,MUMPS,0.010980392156862745
NEBRASKA,1981,MUMPS,0.013636363636363637
NEBRASKA,1982,MUMPS,0.006666666666666666
NEBRASKA,1983,MUMPS,0.007575757575757576
NEBRASKA,1984,MUMPS,0.004705882352941176
NEBRASKA,1985,MUMPS,0.006333333333333333
NEBRASKA,1986,MUMPS,0.065
NEBRASKA,1987,MUMPS,0.009
NEBRASKA,1988,MUMPS,0.013333333333333332
NEBRASKA,1989,MUMPS,0.006666666666666666
NEBRASKA,1990,MUMPS,0.012272727272727274
NEBRASKA,1991,MUMPS,0.013500000000000002
NEBRASKA,1992,MUMPS,0.009
NEBRASKA,1993,MUMPS,0.003243243243243243
NEBRASKA,1994,MUMPS,0.003243243243243243
NEBRASKA,1995,MUMPS,0.005581395348837209
NEBRASKA,1997,MUMPS,0.003243243243243243
NEBRASKA,2000,MUMPS,0.005217391304347826
NEBRASKA,2001,MUMPS,0.001935483870967742
NEVADA,1968,MUMPS,4.358888888888889
NEVADA,1972,MUMPS,0.2378378378378378
NEVADA,1973,MUMPS,0.049166666666666664
NEVADA,1974,MUMPS,0.1057142857142857
NEVADA,1975,MUMPS,0.3084313725490197
NEVADA,1976,MUMPS,0.3411764705882352
NEVADA,1977,MUMPS,0.04857142857142858
NEVADA,1978,MUMPS,0.03574999999999999
NEVADA,1979,MUMPS,0.03588235294117648
NEVADA,1980,MUMPS,0.022500000000000003
NEVADA,1981,MUMPS,0.042222222222222223
NEVADA,1982,MUMPS,0.017959183673469388
NEVADA,1983,MUMPS,0.014102564102564105
NEVADA,1984,MUMPS,0.018780487804878048
NEVADA,1985,MUMPS,0.13399999999999998
NEVADA,1986,MUMPS,0.02340425531914894
NEVADA,1987,MUMPS,0.024999999999999998
NEVADA,1988,MUMPS,0.04282608695652175
NEVADA,1989,MUMPS,0.00872340425531915
NEVADA,1990,MUMPS,0.037777777777777785
NEVADA,1991,MUMPS,0.03567567567567567
NEVADA,1992,MUMPS,0.019333333333333334
NEVADA,1993,MUMPS,0.04232558139534885
NEVADA,1994,MUMPS,0.029565217391304355
NEVADA,1995,MUMPS,0.013061224489795919
NEVADA,1996,MUMPS,0.024000000000000004
NEVADA,1997,MUMPS,0.00783783783783784
NEVADA,1998,MUMPS,0.014047619047619047
NEVADA,1999,MUMPS,0.004761904761904762
NEVADA,2000,MUMPS,0.004347826086956522
NEVADA,2001,MUMPS,0.0029411764705882353
NEVADA,2002,MUMPS,0.0058823529411764705
NEW HAMPSHIRE,1968,MUMPS,1.0677500000000006
NEW HAMPSHIRE,1969,MUMPS,0.8594594594594596
NEW HAMPSHIRE,1970,MUMPS,1.1084313725490198
NEW HAMPSHIRE,1971,MUMPS,1.5934693877551023
NEW HAMPSHIRE,1972,MUMPS,0.38800000000000023
NEW HAMPSHIRE,1973,MUMPS,0.5228
NEW HAMPSHIRE,1974,MUMPS,0.4462500000000001
NEW HAMPSHIRE,1975,MUMPS,0.3187755102040816
NEW HAMPSHIRE,1976,MUMPS,0.06666666666666665
NEW HAMPSHIRE,1977,MUMPS,0.20843137254901956
NEW HAMPSHIRE,1978,MUMPS,0.03437500000000001
NEW HAMPSHIRE,1979,MUMPS,0.015098039215686275
NEW HAMPSHIRE,1980,MUMPS,0.05152173913043479
NEW HAMPSHIRE,1981,MUMPS,0.06022222222222223
NEW HAMPSHIRE,1982,MUMPS,0.03588235294117648
NEW HAMPSHIRE,1983,MUMPS,0.05102040816326532
NEW HAMPSHIRE,1984,MUMPS,0.04117647058823531
NEW HAMPSHIRE,1985,MUMPS,0.027250000000000003
NEW HAMPSHIRE,1986,MUMPS,0.028163265306122457
NEW HAMPSHIRE,1987,MUMPS,0.021799999999999996
NEW HAMPSHIRE,1988,MUMPS,0.30999999999999994
NEW HAMPSHIRE,1989,MUMPS,0.028800000000000003
NEW HAMPSHIRE,1990,MUMPS,0.02106382978723404
NEW HAMPSHIRE,1991,MUMPS,0.013846153846153845
NEW HAMPSHIRE,1992,MUMPS,0.018000000000000002
NEW HAMPSHIRE,1994,MUMPS,0.009183673469387756
NEW HAMPSHIRE,1995,MUMPS,0.0
NEW HAMPSHIRE,1996,MUMPS,0.09
NEW HAMPSHIRE,1997,MUMPS,0.0
NEW HAMPSHIRE,1999,MUMPS,0.0016666666666666668
NEW HAMPSHIRE,2002,MUMPS,0.005454545454545454
NEW JERSEY,1968,MUMPS,1.066078431372549
NEW JERSEY,1969,MUMPS,0.5064705882352941
NEW JERSEY,1970,MUMPS,0.7460784313725487
NEW JERSEY,1971,MUMPS,0.4788235294117646
NEW JERSEY,1972,MUMPS,0.28439999999999993
NEW JERSEY,1973,MUMPS,0.44529411764705884
NEW JERSEY,1974,MUMPS,0.21099999999999983
NEW JERSEY,1975,MUMPS,0.11923076923076925
NEW JERSEY,1976,MUMPS,0.14865384615384616
NEW JERSEY,1977,MUMPS,0.09764705882352942
NEW JERSEY,1978,MUMPS,0.04500000000000002
NEW JERSEY,1979,MUMPS,0.1567307692307692
NEW JERSEY,1980,MUMPS,0.03469387755102043
NEW JERSEY,1981,MUMPS,0.0272340425531915
NEW JERSEY,1982,MUMPS,0.01313725490196079
NEW JERSEY,1983,MUMPS,0.0362
NEW JERSEY,1984,MUMPS,0.035192307692307696
NEW JERSEY,1985,MUMPS,0.014693877551020414
NEW JERSEY,1986,MUMPS,0.014791666666666673
NEW JERSEY,1987,MUMPS,0.018235294117647065
NEW JERSEY,1988,MUMPS,0.014117647058823532
NEW JERSEY,1989,MUMPS,0.050784313725490186
NEW JERSEY,1990,MUMPS,0.02186046511627907
NEW JERSEY,1991,MUMPS,0.007894736842105263
NEW JERSEY,1992,MUMPS,0.006388888888888889
NEW JERSEY,1993,MUMPS,0.0018604651162790699
NEW JERSEY,1994,MUMPS,0.0003125
NEW JERSEY,1995,MUMPS,0.004375
NEW JERSEY,1996,MUMPS,0.0004347826086956522
NEW JERSEY,1997,MUMPS,0.0011111111111111111
NEW JERSEY,1998,MUMPS,0.0007692307692307692
NEW JERSEY,2000,MUMPS,0.0005555555555555556
NEW JERSEY,2001,MUMPS,0.0013333333333333333
NEW JERSEY,2002,MUMPS,0.0
NEW MEXICO,1968,MUMPS,1.9282352941176466
NEW MEXICO,1969,MUMPS,1.9431372549019612
NEW MEXICO,1970,MUMPS,1.4556862745098036
NEW MEXICO,1971,MUMPS,1.3488235294117648
NEW MEXICO,1972,MUMPS,1.427755102040817
NEW MEXICO,1973,MUMPS,1.8027450980392157
NEW MEXICO,1974,MUMPS,0.32854166666666657
NEW MEXICO,1975,MUMPS,0.12937500000000002
NEW MEXICO,1976,MUMPS,0.1436538461538462
NEW MEXICO,1977,MUMPS,0.2127659574468086
NEW MEXICO,1978,MUMPS,0.031000000000000007
NEW MEXICO,1979,MUMPS,0.02697674418604651
NEW MEXICO,2000,MUMPS,0.0011111111111111111
NEW MEXICO,2001,MUMPS,0.002127659574468085
NEW MEXICO,2002,MUMPS,0.0
NEW YORK,1970,MUMPS,0.5072727272727273
NEW YORK,1974,MUMPS,0.20653061224489794
NEW YORK,1975,MUMPS,0.2309615384615384
NEW YORK,1976,MUMPS,0.2369230769230769
NEW YORK,1977,MUMPS,0.09999999999999994
NEW YORK,1978,MUMPS,0.0464705882352941
NEW YORK,1979,MUMPS,0.03673076923076925
NEW YORK,1980,MUMPS,0.03180000000000002
NEW YORK,1981,MUMPS,0.028541666666666684
NEW YORK,1982,MUMPS,0.01725490196078432
NEW YORK,1983,MUMPS,0.017916666666666674
NEW YORK,1984,MUMPS,0.016862745098039224
NEW YORK,1985,MUMPS,0.021363636363636373
NEW YORK,1986,MUMPS,0.013095238095238099
NEW YORK,1987,MUMPS,0.01681818181818182
NEW YORK,1988,MUMPS,0.02731707317073172
NEW YORK,1989,MUMPS,0.02736842105263159
NEW YORK,1992,MUMPS,0.011578947368421055
NEW YORK,1993,MUMPS,0.005625
NEW YORK,1994,MUMPS,0.008461538461538463
NEW YORK,1995,MUMPS,0.006585365853658537
NEW YORK,1996,MUMPS,0.006382978723404258
NEW YORK,1997,MUMPS,0.0025
NEW YORK,1998,MUMPS,0.025806451612903226
NEW YORK,1999,MUMPS,0.002631578947368421
NEW YORK,2000,MUMPS,0.00368421052631579
NEW YORK,2001,MUMPS,0.0028125
NEW YORK,2002,MUMPS,0.0015384615384615387
NORTH CAROLINA,1975,MUMPS,0.05232558139534886
NORTH CAROLINA,1976,MUMPS,0.13579999999999992
NORTH CAROLINA,1977,MUMPS,0.028039215686274523
NORTH CAROLINA,1978,MUMPS,0.02634615384615386
NORTH CAROLINA,1979,MUMPS,0.029230769230769244
NORTH CAROLINA,1980,MUMPS,0.03340000000000001
NORTH CAROLINA,1981,MUMPS,0.008888888888888889
NORTH CAROLINA,1982,MUMPS,0.009000000000000001
NORTH CAROLINA,1983,MUMPS,0.012173913043478262
NORTH CAROLINA,1984,MUMPS,0.00959183673469388
NORTH CAROLINA,1985,MUMPS,0.007446808510638297
NORTH CAROLINA,1986,MUMPS,0.010000000000000002
NORTH CAROLINA,1987,MUMPS,0.010400000000000003
NORTH CAROLINA,1988,MUMPS,0.01780000000000001
NORTH CAROLINA,1989,MUMPS,0.015000000000000005
NORTH CAROLINA,1990,MUMPS,0.10244897959183673
NORTH CAROLINA,1991,MUMPS,0.08574468085106379
NORTH CAROLINA,1992,MUMPS,0.07232558139534882
NORTH CAROLINA,1993,MUMPS,0.06282051282051282
NORTH CAROLINA,1994,MUMPS,0.011276595744680852
NORTH CAROLINA,1995,MUMPS,0.010833333333333334
NORTH CAROLINA,1996,MUMPS,0.009000000000000001
NORTH CAROLINA,1997,MUMPS,0.0028888888888888883
NORTH CAROLINA,1998,MUMPS,0.003260869565217391
NORTH CAROLINA,1999,MUMPS,0.002244897959183673
NORTH CAROLINA,2000,MUMPS,0.0017391304347826088
NORTH CAROLINA,2001,MUMPS,0.0016666666666666668
NORTH CAROLINA,2002,MUMPS,0.0002380952380952381
NORTH DAKOTA,1968,MUMPS,5.534390243902438
NORTH DAKOTA,1969,MUMPS,1.6029268292682926
NORTH DAKOTA,1970,MUMPS,1.171372549019607
NORTH DAKOTA,1971,MUMPS,1.3052941176470587
NORTH DAKOTA,1972,MUMPS,1.2838775510204081
NORTH DAKOTA,1973,MUMPS,0.2472000000000001
NORTH DAKOTA,1974,MUMPS,0.375
NORTH DAKOTA,1975,MUMPS,1.5906
NORTH DAKOTA,1976,MUMPS,0.37865384615384595
NORTH DAKOTA,1977,MUMPS,0.06119999999999999
NORTH DAKOTA,1978,MUMPS,0.05265306122448979
NORTH DAKOTA,1979,MUMPS,0.0062499999999999995
NORTH DAKOTA,1980,MUMPS,0.01276595744680851
NORTH DAKOTA,1983,MUMPS,0.0
NORTH DAKOTA,1984,MUMPS,0.0034883720930232558
NORTH DAKOTA,1985,MUMPS,0.016216216216216217
NORTH DAKOTA,1986,MUMPS,0.013953488372093023
NORTH DAKOTA,1987,MUMPS,0.012777777777777777
NORTH DAKOTA,1991,MUMPS,0.006956521739130435
NORTH DAKOTA,1992,MUMPS,0.01
NORTH DAKOTA,1993,MUMPS,0.014651162790697675
NORTH DAKOTA,1994,MUMPS,0.015365853658536585
NORTH DAKOTA,1995,MUMPS,0.0
NORTH DAKOTA,1996,MUMPS,0.0063265306122448975
NORTH DAKOTA,1998,MUMPS,0.003947368421052632
NORTH DAKOTA,1999,MUMPS,0.022857142857142857
NORTH DAKOTA,2002,MUMPS,0.0
OHIO,1968,MUMPS,0.5436538461538463
OHIO,1969,MUMPS,0.3898039215686274
OHIO,1970,MUMPS,0.8956862745098043
OHIO,1971,MUMPS,1.5647058823529412
OHIO,1972,MUMPS,0.4802000000000001
OHIO,1973,MUMPS,0.5850980392156861
OHIO,1974,MUMPS,0.6614
OHIO,1975,MUMPS,0.495
OHIO,1976,MUMPS,0.4282692307692306
OHIO,1977,MUMPS,0.15176470588235294
OHIO,1978,MUMPS,0.2517307692307692
OHIO,1979,MUMPS,0.36615384615384616
OHIO,1980,MUMPS,0.23299999999999993
OHIO,1981,MUMPS,0.1095918367346939
OHIO,1982,MUMPS,0.3268627450980391
OHIO,1983,MUMPS,0.10919999999999998
OHIO,1984,MUMPS,0.07788461538461534
OHIO,1985,MUMPS,0.055686274509803894
OHIO,1986,MUMPS,0.028163265306122464
OHIO,1987,MUMPS,0.026078431372549025
OHIO,1988,MUMPS,0.028125
OHIO,1989,MUMPS,0.030400000000000003
OHIO,1990,MUMPS,0.019090909090909092
OHIO,1991,MUMPS,0.02675675675675676
OHIO,1992,MUMPS,0.021521739130434786
OHIO,1993,MUMPS,0.013673469387755108
OHIO,1994,MUMPS,0.015319148936170219
OHIO,1995,MUMPS,0.010600000000000004
OHIO,1996,MUMPS,0.009400000000000002
OHIO,1997,MUMPS,0.007083333333333335
OHIO,1998,MUMPS,0.005869565217391305
OHIO,1999,MUMPS,0.00425531914893617
OHIO,2000,MUMPS,0.0011363636363636365
OHIO,2001,MUMPS,0.00022222222222222223
OHIO,2002,MUMPS,0.0037500000000000007
OKLAHOMA,1968,MUMPS,0.20216216216216218
OKLAHOMA,1969,MUMPS,0.8965909090909091
OKLAHOMA,1970,MUMPS,1.7996078431372555
OKLAHOMA,1971,MUMPS,0.1444
OKLAHOMA,1972,MUMPS,0.1148979591836735
OKLAHOMA,1973,MUMPS,0.3617999999999998
OKLAHOMA,1974,MUMPS,0.2718
OKLAHOMA,1975,MUMPS,0.24039215686274518
OKLAHOMA,1976,MUMPS,0.5784615384615388
OKLAHOMA,1977,MUMPS,0.35882352941176476
OKLAHOMA,1978,MUMPS,0.002888888888888889
OKLAHOMA,1987,MUMPS,0.03
OKLAHOMA,1988,MUMPS,0.12788461538461537
OKLAHOMA,1989,MUMPS,0.1327450980392157
OKLAHOMA,1990,MUMPS,0.08021276595744677
OKLAHOMA,1991,MUMPS,0.010638297872340429
OKLAHOMA,1992,MUMPS,0.009069767441860466
OKLAHOMA,1993,MUMPS,0.01
OKLAHOMA,1994,MUMPS,0.013750000000000004
OKLAHOMA,1996,MUMPS,0.0
OKLAHOMA,1998,MUMPS,0.09
OKLAHOMA,1999,MUMPS,0.0
OREGON,1968,MUMPS,0.9996078431372549
OREGON,1969,MUMPS,0.616078431372549
OREGON,1970,MUMPS,1.2511764705882356
OREGON,1971,MUMPS,1.5358823529411756
OREGON,1972,MUMPS,1.7782000000000004
OREGON,1973,MUMPS,1.7772549019607846
OREGON,1974,MUMPS,0.7196000000000002
OREGON,1975,MUMPS,0.6150000000000003
OREGON,1976,MUMPS,0.33038461538461517
OREGON,1977,MUMPS,0.24745098039215677
OREGON,1978,MUMPS,0.10288461538461544
OREGON,1979,MUMPS,0.08673076923076926
OREGON,1980,MUMPS,0.06862745098039214
OREGON,1981,MUMPS,0.0631818181818182
OREGON,1997,MUMPS,0.003333333333333333
PENNSYLVANIA,1970,MUMPS,0.5690196078431372
PENNSYLVANIA,1971,MUMPS,0.45098039215686253
PENNSYLVANIA,1972,MUMPS,0.1418367346938776
PENNSYLVANIA,1973,MUMPS,0.282549019607843
PENNSYLVANIA,1974,MUMPS,0.25139999999999996
PENNSYLVANIA,1975,MUMPS,0.1178846153846154
PENNSYLVANIA,1976,MUMPS,0.09807692307692303
PENNSYLVANIA,1977,MUMPS,0.0347058823529412
PENNSYLVANIA,1978,MUMPS,0.02607843137254903
PENNSYLVANIA,1979,MUMPS,0.05846153846153844
PENNSYLVANIA,1980,MUMPS,0.08708333333333329
PENNSYLVANIA,1981,MUMPS,0.047708333333333325
PENNSYLVANIA,1982,MUMPS,0.02098039215686275
PENNSYLVANIA,1983,MUMPS,0.013541666666666674
PENNSYLVANIA,1984,MUMPS,0.01
PENNSYLVANIA,1985,MUMPS,0.013469387755102044
PENNSYLVANIA,1986,MUMPS,0.011000000000000005
PENNSYLVANIA,1987,MUMPS,0.013529411764705887
PENNSYLVANIA,1988,MUMPS,0.018400000000000007
PENNSYLVANIA,1989,MUMPS,0.014423076923076927
PENNSYLVANIA,1990,MUMPS,0.01920000000000001
PENNSYLVANIA,1991,MUMPS,0.023265306122448988
PENNSYLVANIA,1992,MUMPS,0.015681818181818186
PENNSYLVANIA,1993,MUMPS,0.012340425531914898
PENNSYLVANIA,1994,MUMPS,0.0126530612244898
PENNSYLVANIA,1995,MUMPS,0.01041666666666667
PENNSYLVANIA,1996,MUMPS,0.005681818181818183
PENNSYLVANIA,1997,MUMPS,0.006875000000000002
PENNSYLVANIA,1998,MUMPS,0.003333333333333333
PENNSYLVANIA,1999,MUMPS,0.0034782608695652175
PENNSYLVANIA,2000,MUMPS,0.0010869565217391304
PENNSYLVANIA,2001,MUMPS,0.0004761904761904762
PENNSYLVANIA,2002,MUMPS,0.003260869565217392
RHODE ISLAND,1968,MUMPS,3.7228571428571438
RHODE ISLAND,1969,MUMPS,2.6464583333333342
RHODE ISLAND,1970,MUMPS,4.594901960784314
RHODE ISLAND,1971,MUMPS,2.5827450980392155
RHODE ISLAND,1972,MUMPS,0.8704000000000004
RHODE ISLAND,1973,MUMPS,1.8678431372549023
RHODE ISLAND,1974,MUMPS,5.3584
RHODE ISLAND,1975,MUMPS,1.7911538461538465
RHODE ISLAND,1976,MUMPS,1.0230769230769232
RHODE ISLAND,1977,MUMPS,0.14120000000000008
RHODE ISLAND,1978,MUMPS,0.11352941176470588
RHODE ISLAND,1979,MUMPS,0.10764705882352946
RHODE ISLAND,1980,MUMPS,0.07100000000000004
RHODE ISLAND,1981,MUMPS,0.06697674418604652
RHODE ISLAND,1982,MUMPS,0.036400000000000016
RHODE ISLAND,1983,MUMPS,0.03622222222222223
RHODE ISLAND,1984,MUMPS,0.0241304347826087
RHODE ISLAND,1985,MUMPS,0.037441860465116286
RHODE ISLAND,1986,MUMPS,0.026530612244897955
RHODE ISLAND,1987,MUMPS,0.005263157894736842
RHODE ISLAND,1990,MUMPS,0.025
RHODE ISLAND,1991,MUMPS,0.00851063829787234
RHODE ISLAND,1992,MUMPS,0.0125
RHODE ISLAND,1993,MUMPS,0.004166666666666667
RHODE ISLAND,1994,MUMPS,0.00975609756097561
RHODE ISLAND,1995,MUMPS,0.0
RHODE ISLAND,1996,MUMPS,0.05
RHODE ISLAND,1997,MUMPS,0.012826086956521739
RHODE ISLAND,1998,MUMPS,0.008333333333333333
RHODE ISLAND,1999,MUMPS,0.019
RHODE ISLAND,2000,MUMPS,0.002380952380952381
SOUTH CAROLINA,1968,MUMPS,0.2960526315789474
SOUTH CAROLINA,1969,MUMPS,0.3893617021276594
SOUTH CAROLINA,1970,MUMPS,0.7572549019607842
SOUTH CAROLINA,1971,MUMPS,0.5999999999999998
SOUTH CAROLINA,1972,MUMPS,0.13102040816326538
SOUTH CAROLINA,1973,MUMPS,0.2645999999999998
SOUTH CAROLINA,1974,MUMPS,0.0995833333333333
SOUTH CAROLINA,1975,MUMPS,0.049999999999999996
SOUTH CAROLINA,1976,MUMPS,0.029423076923076934
SOUTH CAROLINA,1977,MUMPS,0.014081632653061225
SOUTH CAROLINA,1978,MUMPS,0.011000000000000003
SOUTH CAROLINA,1979,MUMPS,0.0019148936170212765
SOUTH CAROLINA,1980,MUMPS,0.1402127659574468
SOUTH CAROLINA,1981,MUMPS,0.011739130434782611
SOUTH CAROLINA,1982,MUMPS,0.012600000000000002
SOUTH CAROLINA,1983,MUMPS,0.009767441860465118
SOUTH CAROLINA,1984,MUMPS,0.0031914893617021275
SOUTH CAROLINA,1985,MUMPS,0.006470588235294118
SOUTH CAROLINA,1986,MUMPS,0.010625000000000002
SOUTH CAROLINA,1987,MUMPS,0.014318181818181825
SOUTH CAROLINA,1988,MUMPS,0.005625000000000001
SOUTH CAROLINA,1989,MUMPS,0.03196078431372549
SOUTH CAROLINA,1990,MUMPS,0.04200000000000001
SOUTH CAROLINA,1991,MUMPS,0.2445454545454545
SOUTH CAROLINA,1992,MUMPS,0.03200000000000001
SOUTH CAROLINA,1993,MUMPS,0.010625000000000002
SOUTH CAROLINA,1994,MUMPS,0.004693877551020408
SOUTH CAROLINA,1995,MUMPS,0.006956521739130435
SOUTH CAROLINA,1996,MUMPS,0.004117647058823529
SOUTH CAROLINA,1997,MUMPS,0.004888888888888889
SOUTH CAROLINA,1998,MUMPS,0.004347826086956522
SOUTH CAROLINA,1999,MUMPS,0.0031249999999999997
SOUTH CAROLINA,2000,MUMPS,0.004680851063829787
SOUTH CAROLINA,2001,MUMPS,0.0041025641025641026
SOUTH CAROLINA,2002,MUMPS,0.0009090909090909091
SOUTH DAKOTA,1970,MUMPS,0.1882608695652174
SOUTH DAKOTA,1971,MUMPS,0.8721568627450981
SOUTH DAKOTA,1972,MUMPS,0.36812499999999987
SOUTH DAKOTA,1973,MUMPS,0.06166666666666665
SOUTH DAKOTA,1974,MUMPS,0.010465116279069766
SOUTH DAKOTA,1975,MUMPS,0.017450980392156864
SOUTH DAKOTA,1976,MUMPS,0.03659090909090909
SOUTH DAKOTA,1977,MUMPS,0.17895833333333333
SOUTH DAKOTA,1978,MUMPS,0.03622222222222222
SOUTH DAKOTA,1979,MUMPS,0.03340425531914893
SOUTH DAKOTA,1980,MUMPS,0.01475
SOUTH DAKOTA,1981,MUMPS,0.0035000000000000005
SOUTH DAKOTA,1982,MUMPS,0.003783783783783784
SOUTH DAKOTA,1986,MUMPS,0.003414634146341464
SOUTH DAKOTA,1987,MUMPS,0.2531372549019607
SOUTH DAKOTA,1988,MUMPS,0.005833333333333334
SOUTH DAKOTA,1991,MUMPS,0.01473684210526316
TENNESSEE,1968,MUMPS,2.9453846153846164
TENNESSEE,1969,MUMPS,1.147254901960784
TENNESSEE,1970,MUMPS,1.613725490196078
TENNESSEE,1971,MUMPS,2.441372549019607
TENNESSEE,1972,MUMPS,1.0246
TENNESSEE,1973,MUMPS,1.3054901960784313
TENNESSEE,1974,MUMPS,1.3181999999999994
TENNESSEE,1975,MUMPS,1.0667307692307693
TENNESSEE,1976,MUMPS,0.7419230769230768
TENNESSEE,1977,MUMPS,0.2794117647058823
TENNESSEE,1978,MUMPS,0.20399999999999982
TENNESSEE,1979,MUMPS,0.046800000000000015
TENNESSEE,1980,MUMPS,0.01333333333333334
TENNESSEE,1981,MUMPS,0.010652173913043479
TENNESSEE,1982,MUMPS,0.011224489795918368
TENNESSEE,1983,MUMPS,0.012291666666666671
TENNESSEE,1984,MUMPS,0.007727272727272728
TENNESSEE,1985,MUMPS,0.007058823529411764
TENNESSEE,1986,MUMPS,0.10270833333333333
TENNESSEE,1987,MUMPS,0.47901960784313713
TENNESSEE,1988,MUMPS,0.0863461538461538
TENNESSEE,1989,MUMPS,0.0415686274509804
TENNESSEE,1990,MUMPS,0.022500000000000006
TENNESSEE,1991,MUMPS,0.08829268292682929
TENNESSEE,1992,MUMPS,0.008571428571428572
TENNESSEE,1993,MUMPS,0.006956521739130433
TENNESSEE,1994,MUMPS,0.0058064516129032245
TENNESSEE,1995,MUMPS,0.002727272727272727
TENNESSEE,1996,MUMPS,0.002857142857142857
TENNESSEE,1997,MUMPS,0.0031111111111111114
TENNESSEE,1998,MUMPS,0.0014814814814814814
TENNESSEE,2000,MUMPS,0.001081081081081081
TENNESSEE,2001,MUMPS,0.0015384615384615385
TENNESSEE,2002,MUMPS,0.0004878048780487805
TEXAS,1968,MUMPS,2.1189795918367342
TEXAS,1969,MUMPS,1.4323529411764713
TEXAS,1970,MUMPS,1.0178431372549022
TEXAS,1971,MUMPS,1.47
TEXAS,1972,MUMPS,0.8188
TEXAS,1973,MUMPS,0.586078431372549
TEXAS,1974,MUMPS,0.5009999999999998
TEXAS,1975,MUMPS,0.5796153846153846
TEXAS,1976,MUMPS,0.2530769230769231
TEXAS,1977,MUMPS,0.14176470588235296
TEXAS,1978,MUMPS,0.2105769230769231
TEXAS,1979,MUMPS,0.12249999999999998
TEXAS,1980,MUMPS,0.027450980392156873
TEXAS,1981,MUMPS,0.02958333333333335
TEXAS,1982,MUMPS,0.032884615384615394
TEXAS,1983,MUMPS,0.026800000000000015
TEXAS,1984,MUMPS,0.02200000000000001
TEXAS,1985,MUMPS,0.03725490196078433
TEXAS,1986,MUMPS,0.027346938775510216
TEXAS,1987,MUMPS,0.03647058823529414
TEXAS,1988,MUMPS,0.03509803921568629
TEXAS,1989,MUMPS,0.06673076923076919
TEXAS,1990,MUMPS,0.055102040816326525
TEXAS,1991,MUMPS,0.040625000000000015
TEXAS,1992,MUMPS,0.04170731707317075
TEXAS,1993,MUMPS,0.026122448979591845
TEXAS,1994,MUMPS,0.045217391304347834
TEXAS,1995,MUMPS,0.004130434782608696
TEXAS,1996,MUMPS,0.004324324324324324
TEXAS,1997,MUMPS,0.006595744680851065
TEXAS,1998,MUMPS,0.0018604651162790699
TEXAS,1999,MUMPS,0.0014893617021276596
TEXAS,2000,MUMPS,0.002058823529411765
TEXAS,2001,MUMPS,0.0002702702702702703
TEXAS,2002,MUMPS,0.0007317073170731707
UTAH,1968,MUMPS,1.3241176470588232
UTAH,1969,MUMPS,0.708888888888889
UTAH,1970,MUMPS,0.23877551020408155
UTAH,1971,MUMPS,0.3435999999999999
UTAH,1972,MUMPS,0.25166666666666665
UTAH,1973,MUMPS,0.2618
UTAH,1974,MUMPS,0.13844444444444445
UTAH,1975,MUMPS,0.29078431372549024
UTAH,1976,MUMPS,0.3224999999999999
UTAH,1977,MUMPS,0.12408163265306127
UTAH,1978,MUMPS,0.234
UTAH,1979,MUMPS,0.1592
UTAH,1980,MUMPS,0.0384
UTAH,1981,MUMPS,0.029111111111111112
UTAH,1982,MUMPS,0.02549019607843138
UTAH,1983,MUMPS,0.01857142857142857
UTAH,1984,MUMPS,0.013958333333333331
UTAH,1985,MUMPS,0.006521739130434782
UTAH,1986,MUMPS,0.019200000000000005
UTAH,1987,MUMPS,0.015319148936170214
UTAH,1988,MUMPS,0.008235294117647058
UTAH,1989,MUMPS,0.026046511627906978
UTAH,1990,MUMPS,0.0174468085106383
UTAH,1991,MUMPS,0.02023809523809524
UTAH,1992,MUMPS,0.0358139534883721
UTAH,1993,MUMPS,0.008936170212765958
UTAH,1994,MUMPS,0.02977272727272728
UTAH,1995,MUMPS,0.01020408163265306
UTAH,1996,MUMPS,0.002564102564102564
UTAH,1997,MUMPS,0.009375
UTAH,1998,MUMPS,0.008529411764705883
UTAH,1999,MUMPS,0.006170212765957446
UTAH,2000,MUMPS,0.006486486486486487
UTAH,2001,MUMPS,0.0
UTAH,2002,MUMPS,0.006829268292682928
VERMONT,1968,MUMPS,5.914489795918366
VERMONT,1969,MUMPS,5.983750000000001
VERMONT,1970,MUMPS,3.175686274509802
VERMONT,1971,MUMPS,2.3166666666666664
VERMONT,1972,MUMPS,0.5969387755102041
VERMONT,1973,MUMPS,1.124000000000001
VERMONT,1974,MUMPS,0.14702127659574468
VERMONT,1975,MUMPS,0.05555555555555555
VERMONT,1976,MUMPS,0.23651162790697675
VERMONT,1977,MUMPS,0.03404255319148936
VERMONT,1978,MUMPS,0.02857142857142857
VERMONT,1979,MUMPS,0.041458333333333326
VERMONT,1980,MUMPS,0.0636111111111111
VERMONT,1981,MUMPS,0.042666666666666665
VERMONT,1982,MUMPS,0.026078431372549015
VERMONT,1983,MUMPS,0.061956521739130424
VERMONT,1984,MUMPS,0.02021276595744681
VERMONT,1985,MUMPS,0.012727272727272728
VERMONT,1986,MUMPS,0.021111111111111112
VERMONT,1987,MUMPS,0.02625
VERMONT,1988,MUMPS,0.03272727272727272
VERMONT,1989,MUMPS,0.03428571428571429
VERMONT,1990,MUMPS,0.008372093023255813
VERMONT,1991,MUMPS,0.0232258064516129
VERMONT,1992,MUMPS,0.009444444444444445
VERMONT,1993,MUMPS,0.0
VERMONT,1999,MUMPS,0.0
VIRGINIA,1968,MUMPS,0.5334615384615383
VIRGINIA,1969,MUMPS,0.5596
VIRGINIA,1970,MUMPS,0.9194117647058825
VIRGINIA,1971,MUMPS,0.43490196078431387
VIRGINIA,1972,MUMPS,0.5355999999999999
VIRGINIA,1973,MUMPS,0.3070588235294117
VIRGINIA,1974,MUMPS,0.30714285714285716
VIRGINIA,1975,MUMPS,0.320576923076923
VIRGINIA,1976,MUMPS,0.08384615384615385
VIRGINIA,1977,MUMPS,0.048235294117647064
VIRGINIA,1978,MUMPS,0.07115384615384616
VIRGINIA,1979,MUMPS,0.03784313725490198
VIRGINIA,1980,MUMPS,0.03280000000000001
VIRGINIA,1981,MUMPS,0.05148936170212766
VIRGINIA,1982,MUMPS,0.016666666666666673
VIRGINIA,1983,MUMPS,0.013125000000000003
VIRGINIA,1984,MUMPS,0.008200000000000002
VIRGINIA,1985,MUMPS,0.017058823529411772
VIRGINIA,1986,MUMPS,0.015200000000000007
VIRGINIA,1987,MUMPS,0.0340909090909091
VIRGINIA,1988,MUMPS,0.056458333333333326
VIRGINIA,1989,MUMPS,0.045799999999999993
VIRGINIA,1990,MUMPS,0.032083333333333346
VIRGINIA,1991,MUMPS,0.0241304347826087
VIRGINIA,1992,MUMPS,0.019574468085106385
VIRGINIA,1993,MUMPS,0.012340425531914894
VIRGINIA,1994,MUMPS,0.016956521739130443
VIRGINIA,1995,MUMPS,0.005918367346938776
VIRGINIA,1996,MUMPS,0.004042553191489362
VIRGINIA,1997,MUMPS,0.005434782608695652
VIRGINIA,1998,MUMPS,0.00275
VIRGINIA,1999,MUMPS,0.002727272727272727
VIRGINIA,2000,MUMPS,0.002666666666666666
VIRGINIA,2001,MUMPS,0.0016666666666666668
VIRGINIA,2002,MUMPS,0.0006521739130434782
WASHINGTON,1968,MUMPS,4.178958333333334
WASHINGTON,1969,MUMPS,2.7120833333333336
WASHINGTON,1970,MUMPS,3.3154901960784313
WASHINGTON,1971,MUMPS,3.6948000000000003
WASHINGTON,1972,MUMPS,2.2769999999999997
WASHINGTON,1973,MUMPS,0.8631372549019611
WASHINGTON,1974,MUMPS,1.1703999999999999
WASHINGTON,1975,MUMPS,2.3719230769230766
WASHINGTON,1976,MUMPS,0.4498076923076923
WASHINGTON,1977,MUMPS,0.16823529411764712
WASHINGTON,1978,MUMPS,0.10673469387755097
WASHINGTON,1979,MUMPS,0.11461538461538456
WASHINGTON,1980,MUMPS,0.06179999999999996
WASHINGTON,1981,MUMPS,0.08148936170212763
WASHINGTON,1982,MUMPS,0.04647058823529413
WASHINGTON,1983,MUMPS,0.02180000000000001
WASHINGTON,1984,MUMPS,0.028039215686274526
WASHINGTON,1985,MUMPS,0.01705882352941177
WASHINGTON,1986,MUMPS,0.010444444444444447
WASHINGTON,1987,MUMPS,0.030612244897959193
WASHINGTON,1988,MUMPS,0.026600000000000006
WASHINGTON,1989,MUMPS,0.02196078431372549
WASHINGTON,1990,MUMPS,0.025957446808510646
WASHINGTON,1991,MUMPS,0.07543478260869567
WASHINGTON,1992,MUMPS,0.007826086956521738
WASHINGTON,1993,MUMPS,0.005957446808510638
WASHINGTON,1994,MUMPS,0.003673469387755102
WASHINGTON,1995,MUMPS,0.005510204081632653
WASHINGTON,1996,MUMPS,0.008333333333333335
WASHINGTON,1997,MUMPS,0.007021276595744681
WASHINGTON,1998,MUMPS,0.0052499999999999995
WASHINGTON,1999,MUMPS,0.001142857142857143
WASHINGTON,2000,MUMPS,0.004545454545454546
WASHINGTON,2001,MUMPS,0.0007407407407407407
WEST VIRGINIA,1968,MUMPS,3.7988461538461555
WEST VIRGINIA,1969,MUMPS,3.0858823529411765
WEST VIRGINIA,1970,MUMPS,2.8072549019607846
WEST VIRGINIA,1971,MUMPS,2.8066666666666675
WEST VIRGINIA,1972,MUMPS,2.8212
WEST VIRGINIA,1973,MUMPS,2.8729411764705866
WEST VIRGINIA,1974,MUMPS,3.6142000000000007
WEST VIRGINIA,1975,MUMPS,1.5061538461538464
WEST VIRGINIA,1976,MUMPS,0.8634615384615384
WEST VIRGINIA,1977,MUMPS,0.21686274509803924
WEST VIRGINIA,1978,MUMPS,0.13769230769230761
WEST VIRGINIA,1979,MUMPS,0.12538461538461537
WEST VIRGINIA,1980,MUMPS,0.142
WEST VIRGINIA,1981,MUMPS,0.12312499999999998
WEST VIRGINIA,1982,MUMPS,0.11745098039215678
WEST VIRGINIA,1983,MUMPS,0.05720000000000001
WEST VIRGINIA,1984,MUMPS,0.040784313725490205
WEST VIRGINIA,1985,MUMPS,0.07745098039215684
WEST VIRGINIA,1986,MUMPS,0.0502
WEST VIRGINIA,1987,MUMPS,0.039600000000000024
WEST VIRGINIA,1988,MUMPS,0.02434782608695653
WEST VIRGINIA,1989,MUMPS,0.02160000000000001
WEST VIRGINIA,1990,MUMPS,0.053043478260869574
WEST VIRGINIA,1991,MUMPS,0.03170212765957447
WEST VIRGINIA,1992,MUMPS,0.0361904761904762
WEST VIRGINIA,1993,MUMPS,0.026122448979591845
WEST VIRGINIA,1994,MUMPS,0.006739130434782609
WEST VIRGINIA,1997,MUMPS,0.05
WISCONSIN,1968,MUMPS,7.239387755102038
WISCONSIN,1969,MUMPS,3.8205882352941183
WISCONSIN,1970,MUMPS,4.985294117647058
WISCONSIN,1971,MUMPS,7.306274509803922
WISCONSIN,1972,MUMPS,3.5943999999999994
WISCONSIN,1973,MUMPS,2.0405882352941176
WISCONSIN,1974,MUMPS,1.4604000000000001
WISCONSIN,1975,MUMPS,2.5321153846153837
WISCONSIN,1976,MUMPS,1.745
WISCONSIN,1977,MUMPS,0.7925490196078433
WISCONSIN,1978,MUMPS,0.5562745098039217
WISCONSIN,1979,MUMPS,0.5140384615384618
WISCONSIN,1980,MUMPS,0.1515686274509804
WISCONSIN,1981,MUMPS,0.08499999999999998
WISCONSIN,1982,MUMPS,0.050384615384615396
WISCONSIN,1983,MUMPS,0.03755102040816328
WISCONSIN,1984,MUMPS,0.044081632653061226
WISCONSIN,1985,MUMPS,0.04217391304347827
WISCONSIN,1986,MUMPS,0.09380952380952381
WISCONSIN,1987,MUMPS,0.20372549019607838
WISCONSIN,1988,MUMPS,0.04897959183673471
WISCONSIN,1989,MUMPS,0.020212765957446813
WISCONSIN,1990,MUMPS,0.02272727272727273
WISCONSIN,1991,MUMPS,0.011555555555555557
WISCONSIN,1992,MUMPS,0.006341463414634145
WISCONSIN,1993,MUMPS,0.015833333333333335
WISCONSIN,1994,MUMPS,0.005588235294117647
WISCONSIN,1996,MUMPS,0.0
WISCONSIN,1997,MUMPS,0.0
WISCONSIN,1999,MUMPS,0.0
WISCONSIN,2002,MUMPS,0.0
WYOMING,1968,MUMPS,5.59818181818182
WYOMING,1969,MUMPS,0.48599999999999993
WYOMING,1970,MUMPS,0.2634693877551019
WYOMING,1971,MUMPS,2.4528000000000008
WYOMING,1972,MUMPS,2.005510204081633
WYOMING,1973,MUMPS,2.3386274509803915
WYOMING,1974,MUMPS,0.059318181818181825
WYOMING,1975,MUMPS,0.017241379310344827
WYOMING,1976,MUMPS,0.005853658536585366
WYOMING,1977,MUMPS,0.03833333333333334
WYOMING,1978,MUMPS,0.029333333333333333
WYOMING,1981,MUMPS,0.0203448275862069
WYOMING,1982,MUMPS,0.00851063829787234
WYOMING,1983,MUMPS,0.06666666666666667
WYOMING,1984,MUMPS,0.008888888888888889
WYOMING,1985,MUMPS,0.00975609756097561
WYOMING,1988,MUMPS,0.03326086956521739
WYOMING,1989,MUMPS,0.025142857142857144
WYOMING,1990,MUMPS,0.014666666666666668
WYOMING,1991,MUMPS,0.028947368421052635
WYOMING,1992,MUMPS,0.0
WYOMING,1993,MUMPS,0.026923076923076925
WYOMING,1994,MUMPS,0.02032258064516129
WYOMING,1996,MUMPS,0.028571428571428574
WYOMING,1997,MUMPS,0.005555555555555556
WYOMING,1998,MUMPS,0.004761904761904762
WYOMING,2000,MUMPS,0.023529411764705882
WYOMING,2001,MUMPS,0.009090909090909092
